,Id,neg,neu,pos,compound,Jeu,Commentaire,Date_commentaire,Nombre_de_fois_critique_lue,Month,Year,Avis
0,0,0.056,0.876,0.068,0.7059,Grand Theft Auto III,"OUAIS OUAIS 10/10.

LE jeu qui m'a poussé à mindfucker mes parents en leur faisant acheter le jeu avant d'avoir la PS2.

De loin le meilleur GTA, avant que le gigantisme des maps ne devienne une regrettable priorité.

J'ai passé des heures à chercher un Securicar. Des mois à chercher un Mr Whoopee. J'ai dompté le Dodo et tenté des milliers de fois de le faire rentrer dans la tour en construction de Staunton Island. Je connaissais l'heure fatidique à laquelle on pouvait trouver une BF Injection dans le parc près de la première planque. Je me suis régulièrement pris la tête pour déterminer quelle était LA meilleure voiture du jeu (la Mafia, évidemment). J'étais obsédé à l'idée de lever le mystère sur Darkel, le Mew de GTA, ce pseudo-personnage caché que personne n'a jamais vu. J'ai participé à des débats sur le prénom du personnage. J'ai usé et abusé de la petite feinte pour garer 3 voitures au lieu de deux dans la planque de Staunton Island. J'avais le poster de la map au-dessus de mon bureau.

Bref, je surlike sur Facebook.",2010-10-21,1700,10,2010,positif
1,1,0.096,0.804,0.1,0.6868,Grand Theft Auto III,"Ca fait très accroche publicitaire la phrase du dessus, mais qu'importe.

Le jeu vous fait évoluer dans un environnement urbain dont l'ambiance rappelle celle des bas-fonds new yorkais. Un personnage sans nom, muet comme une enclume, qui oublie que son avant bras possède une extension appelée ""poing"" et qui sert bien pour dégommer des mexicains, va servir de pute à pratiquement toutes les communautés et mouvances des différents endroits de cette bien jolie ville, j'ai nommé liberty city.

Le principal point fort de ce jeu est bien évidemment son ambiance. Rockstar Game, société alors naissante (forte de quatre années d'existence) nous pond un univers riche, coloré, sombre et très accrocheur, où les maladresses et les expérimentations ont leur charme. Ainsi, la société réinvente le concept du jeu bac à sable où chaque quartier a sa population (amie ou hostile), où il est possible de réaliser le plus grand carnage routier de tous les temps pendant que les hurlements des passants viennent se mêler aux voix d'opéra de double clef FM, où, pour la première fois dans l'histoire du jeu vidéo, on a l'occasion d'admirer un lever de soleil (corrigez-moi si je me trompe).

Le jeu souffre de quelques défauts qui viennent pourrir le plaisir, notamment une atroce linéarité et une non-variété dans les missions. Bute untel, conduit untel, va voir untel, bute ceux-ci, ramène telle personne, emmène untel là, puis là, puis ici. Trois îles, 500 Mo de textures 3D, des dizaines d'heures perdues juste pour faire la pute. On reçoit des ordres durant tout le jeu, ce qui gâche cette sensation de liberté. Après, bien entendu, il est possible de ne pas faire les missions...

Et c'est l'un des autres points forts du jeu : il est possible de passer un temps incroyable à effectuer une impressionante palette de conneries, dont la limite n'est que l'imagination du joueur :
- carnage général, avec ou sans triches (très drôle de foutre le feu à la ville, et, une fois cerné, faire un code pour que les flics vous foutent la paix ""ha non, c'est pas moi, j'ai rien fait"")
- carnage général à bord d'un tank, grand classique
- chasse à la grenade
- concours d'enflammement au cocktail molotov
- tir à la roquette sur les hélicos
- distribution de glaces
- concours d'empilement de voitures
- achat des services d'une prostipute
- se taper l'intégrale du trajet du métro en voiture, et s'amuser à se faire des frayeurs quand le train arrive en face
- chercher les paquets cachés, les sauts cachés, les carnages, les quêtes à la con cachées (certaines sont infaisables)
- concours de vol en avion
- courses de bagnoles (dans le nom du jeu faut pas oublier qu'il y a ""auto"")

Un soft épique, inoubliable, légendaire, le genre de soft quand tu te mets devant tu oublies tout : la petite routine reprend, sortir de la planque, écouter la douce rumeur citadine, le métro qui passe, sortir dans la rue, braquer une voiture, glandouiller à 140 sur un trottoir... comme dans le vraie vie quoi (comment ça non?)",2010-11-08,1000,11,2010,positif
2,2,0.152,0.708,0.139,-0.8039,Grand Theft Auto III,"Tout mon entourage pourra en témoigner: Si un psy me voyait jouer aux jeux vidéos, il me diagnostiquerait surement un trouble émotionnel fort, accentué d'un délire schyzophréno-paranoïac compulsif avec un penchant pour la mort et le cannibalisme...

Il est donc quelque part logique que je m'épanche sur un hit incontournable tel que GTAIII

D'abord une révolution, la 3ème dimension, une ville ultra réaliste, un choix d'arme digne d'une 3ème guerre mondiale, des bagnoles, du gros son...
Ensuite un scénario incontournable parsemé de haine, de vengeance, de trahison et de meurtres plus sanglant les uns que les autres
Et finalement une liberté encore rarement égalée dans le déplacement du joueur ainsi que dans la liberté d'action...

AAAAhhhhh... oui, ce jeu a bercé mon adolescence (et pas n'importe comment) et a révélé en moi ce côté meurtrier pervers qui me serre aujourd'hui de ligne de vie dans ma conduite virtuelle...

MERCI ROCKSTAR GAME!!!

(Bien qu'un peu dépassé graphiquement, il est encore très agréable d'y jouer de nos jours, avis aux ignorants!)",2011-09-10,1000,9,2011,negatif
3,3,0.064,0.902,0.035,-0.9566,Grand Theft Auto III,"Les afficionados de GTA de la première heure (dont je fais partie) vous le diront: tout était déjà en place dans GTA 2... Les missions, les autoradios, les keufs, les jumps, les motos, le nom des quartiers, les rampages.... Et pourtant... Moi, je m'éclatais sur ce titre sur PC, et la presse française l'éreintait en termes de critiques (je me souviens notamment d'un violent 18% dans Joystick)... Autant dire que personne n'attendait GTA III. Même pas l'éditeur, TakeTwo, qui avait fait la colossale erreur de l'inclure dés sa sortie dans sa politique tarifaire de nouveautés à 45 EUR, histoire de booster les ventes des softs PlayStation2 alors moribondes...

Mais la 3D a sublimé le gameplay déjà parfaitement en place de la série et a renvoyé Driver, la référence de l'époque, à la casse. Et même les plus hermétiques à cet univers ont adhéré.

Ce GTA est une oeuvre majeure pour cela: on ne peut oublier ses premiers tours de roues dans Liberty City, découvrant pour la première fois le concept de sandbox game, magnifié par l'immersion et le cadre ultra-référentiel du titre.

Alors, OK, tout ce qui fait GTA n'est pas encore en place dans cet épisode: les autoradios crachent de la musique, certes sous licence, mais bien moins référentielle que par la suite... Il n'y a pas de moto, ni de deux roues non plus... Et le héros est muet comme une carpe, à des années lumières des futurs Vercetti ou Bellic, personnages bigger than life s'il en est.

Mais l'atmosphère de Liberty City est déjà là, quand, sous la pluie, de nuit, on rentre à sa planque; les références cinématographiques pleuvent déjà et les personnages secondaires, souvent pourvoyeurs de missions, sont bel et bien de la trempe de ceux que l'on rencontrera dans les opus suivants...
L'habillage aussi est déjà en place, à base de dessins cartoonish en split screen, les bases du gameplay, les putes, les missions taxis/ ambulances/ flics, les affrontements à main armée en pleine rue...

Une oeuvre d'une maturité et d'une maîtrise hallucinantes qui, chose rarissime dans l'univers technology-driven du jeu vidéo, vieillit plutôt très bien.",2010-11-03,694,11,2010,negatif
4,4,0.069,0.777,0.154,0.9767,Grand Theft Auto III,"Quand le jeu est sorti sur PS2, GTA était une licence à part, boudée par les critiques (Gen4 avait par exemple donné 2 au second épisode) qui lui reprochaient son manque de moralité (sic) et sa laideur, mais adulée par les joueurs. Petit, tout le monde avait joué ou entendu parler de GTA, en vue de dessus, où on pouvait voler des voitures, écraser les piétons, vendre de la drogue, détourner des bus scolaires, et faire des courses-poursuites avec la police.

Alors quand GTA III a débarqué sur la PS2, c'était par la petite porte : Jeu à moitié prix (30€), publicité minimale voire absente, critique quasi-absente. Oui mais voilà, les joueurs étaient au rendez-vous, et peu à peu, GTA III s'est imposé comme un des titres à posséder absolument sur la PS2. Un an plus tard, le jeu sortait sur PC à plein pot (55€), de la pub partout, des critiques impavides qui criaient leur amour de l'immoralité donnaient enfin ses lauriers à une des séries les plus controversées de l'Histoire du Jeu Vidéo.

GTA III est un jeu ""bac à sable"", où l'on fait tout ce que l'on veut sans honte, et où on passe des heures à s'éclater sans se soucier des conséquences. L'essence même de ce qui fait un bon jeu vidéo. Et si le titre a vraiment vieilli (puisque les deux suites utilisant le même moteur ont enrichi le gameplay, l'ambiance, et la grandeur du terrain de jeu), il reste une référence, au moins parce qu'il a marqué un tournant dans l'histoire de la franchise : celui du succès critique.",2010-06-13,813,6,2010,positif
5,5,0.069,0.855,0.076,0.5586,Grand Theft Auto III,"Alors, avant toute chose, je tiens à préciser que je n'y ai joué pour la 1ere fois non pas en 2001, mais en... 2013, et j'avoue que je n'ai pas tenue plus de 10 missions (et encore...) tant la jouabilité a mal vieilli, est d'une rigidité affolante.
De plus du fait que Claude soit muet, il ne dégage aucun charisme et à aucun moment, je ne me suis senti concerné par ses missions (après je ne suis pas peut-être pas allé assez loin dans le jeu)
Maintenant, je comprend tout à fait que l'on puisse porter le jeu sur un pied d'estal vu la façon dont il a révolutionné le monde du jeu vidéo, mais pour qui y pose les mains pour la première fois aujourd'hui... c'est juste l'horreur.
Quitte à jouer à un épisode PS2, autant se lancer dans le San Andreas, qui lui est vraiment énorme (en dépit des phase en avion/hélico, qui demande un petit temps d'adaptation).",2013-08-26,1100,8,2013,positif
6,6,0.091,0.835,0.075,-0.9722,Grand Theft Auto III,"A la sortie de Grand Theft Auto V et par la pression de 2 de mes meilleurs amis qui avaient tous les opus de la saga PS2 jusqu'au IV, je décidais, grâce à mon compte Steam,
de me lancer dans les GTA de l'ère PS2 en commencant par celui-là! Une petite précision, ayant taillé le IV à tort et à travers pendant 200 heures, je me suis demandé si les
graphismes m'allaient pas me rebuter, si le héros muet n'allait pas m'emmerder et si le trame principale allait tenir la route, en raison de la limitation des consoles
PS2 - XBOX.

Petit rappel du contexte: le jeu devait à l'origine le 2 octobre 2001, mais en raison de l'attentat du 11 septembre 2001, la sortie est décalée de trois semaines, pour le 22
octobre aux USA et le 26 octobre en Europe. Ensuite, ce GTA était très attendu, de par le tournant que prenait la série en délaissant la point de vue de dessus des précédents
épisodes pour la 3D. De plus, le jeu s'inspire énormément de Driver 2, qui proposait de remplir des objectifs à pied ou en voiture. De même, il reprend des éléments des anciens
opus pour en ajouter des nouveaux, comme des missions de course, ou le fait de sprinter à pied. Bref, Rockstar promettait une révolution à tous les niveaux, mais pas complètement.

J'aurai tellement de choses à dire sur cet opus, acharné que je suis à vouloir finir le jeu à 100% (je l'ai fini à 99%, je suis deg):

Graphismes: Alors oui, pour quelqu'un, comme moi, qui joue à des graphismes de l'époque 2001 en 2013, ça parait un peu fade, mais, en terme de pixels mal déformés, j'ai connu
pire (j'ai joué à The Elder Scrolls I, on peut pas faire plus exécrable^^), ils tiennent la route pour moi! Les façades de magasin sont modélisées au minimum, on dirait des
papiers peints qu'ils ont pris en photos. Sur les paysages, on s'en sort mieux, malgré une profondeur de champ assez limitée. Bref, le RenderWare en est à ses débuts (même si des jeux l'ont déjà exploité).

Animations: Elles me font un peu marrer, on sent bien que c'est le début de l'ére PS2: le perso a un balai dans le fion quand il se marche, il balance ses bras
comme une marionnette, ça fait pas du tout naturel, mais j'en rigole bien. ET alors pour l'IA, c'est juste: ""J'ai mon gun pointé au sol, et quand je vois des ennemis à 20 mètres
moi, je tire! Je peux courir, marcher, rentrer dans une voiture, conduire un bateau, mais alors parler, je suis soit l'ami du héros, soit l'ennemi"".

Histoire principale: Je la trouve assez inégale en termes de rythme. Avoir introduit, en début de mission, les cinématiques est un gros plus pour cet opus, ça change des
missions téléphone des précédents; mais toutes ne sont pas intéressantes pour autant, à Portland, ça passe encore, mais à Staunton Island, ça se dégrade à partir de Ray Machowski,
et quel dommage d'avoir une seule mission pour Shoreside, elle aurait gagné à avoir plus de missions vu son environnement. Si je devais retenir une seule de ces missions, c'est
à ex æquo, ""Marked Man"" et ""Arms Shortage"".

Quêtes secondaires: Celles de King Courtney sont pas mal, car, vous les finissez pour vous faire détester des Jamaicains... lol. En missions hors-route, ""A Ride in the Park""
a failli me faire donner des crises. Mais les pires moments, où je me suis énervé, étaient dans la mission Ambulance, oui, cette saloperie de mission où il fallait chercher
les patients sans avoir de carte (j'oublie de préciser que cet opus n'avait pas de map quand vous appuyiez sur Escape) et la crainte que le véhicule se retourne à chaque fois.

Protagonistes: On reconnait bien la patte de Sam Houser à l'écriture, personnages caricaturaux typiquement américains dans leur style, j'aime tout particulièrement Asuka Kasen,
qui a un faible pour la torture; Donald Love, en connard de promoteur immobilier qu'il est de son espèce et Ray Machowski, en flic pourri totalement pourri.

Dialogues: C'est du tout bon aussi, avec son lot de ""Fuck"" et compagnie, mais c'est vraiment dommage qu'on les entende pas pendant les phases de jeux, dû surement aux
limitations des consoles PS2 - XBOX.

Doubleurs: Quelle agréable surprise de reconnaître, dés ce jeu, des voix familières que j'avais l'habitude d'entendre dans les films des gangster: Michael Madsen, Frank Vincent, Robert Loggia et Kyle MacLahan.

Perso Principal: C'est simple, il dégage rien. J'ai beau essayé de m'identifier à lui, j'y arrive pas.

Gameplay: Il y a pas mal de choses à dire. La conduite en voitures est pas mal, mais c'est assez difficile de les contrôler, et surtout, elles crament super vite (un coup de fusil
à pompe et elles flambent, c'est dingue! ouch); à pied, il a fallu que je m'habitue à l'absence de la visée automatique pour apprécier le système de visée très rudimentaire.
Ce qu'il y a de bien, dans ce jeu, contrairement aux suivants, c'est qu'on peut s'approprier toutes les armes; à la fin du jeu, on est Terminator!^^

Ambiance: Je la trouve à l'image de la ville à l'aube des années 2000, une ambiance froide et pas vraiment prenante, ça ne donne pas envie de s'y rendre.

Radios: Un des points forts des GTA, et celui-ci en fait partie. Mes préférés sont Head radio, Rise FM, Lips 106 et Flashback 95.6. Je n'ai pas trop écouté Chatterbox, ni Double Cleff Fm.

Version PC: Trés bien adaptée, on profite des mods, des effets de flou inexistants et une radio supplémentaire où on peut mettre nos propres musiques.

Bref, malgré les quelques défauts, bugs et compagnie, que j'ai pu déplorés durant ma session de jeu, j'ai beaucoup aimé cette virée de l'ère PS2 à Liberty City pendant 47 heures.

Ma note SensCritique: 8/10.
Ma note personelle: 84/100.",2013-12-22,483,12,2013,negatif
7,7,0.084,0.82,0.096,0.9441,Grand Theft Auto III,"L'être humain est une espèce fascinante quand on y pense, notamment quand on relève toutes ses contradictions. Prenez les GTA par exemple : les deux premiers opus ont été descendus par quasiment tout le monde (et principalement par la presse vidéoludique), un peu pour leur gameplay imprécis, mais aussi et surtout pour leur côté immoral -tuer des gens, c'est pas bien !!- alors que GTA III, lui, a été encensé.

Pourtant, si la forme s'est drastiquement améliorée, le fond reste absolument identique : se faire une place parmi les truands locaux by any means necessary. On peut donc en conclure que, selon la plèbe, tuer virtuellement c'est honteux / abject / infâme, mais quand la plastique et le gameplay sont à la hauteur, ça l'est moins… Ça ne devrait pas être théoriquement l'inverse ?..

Dans mon cas perso, GTA est une série que j'apprécie depuis ses tous débuts, même si les opus IV & V me laissent sur une légère déception (surtout le V en fait, j'en ferai une critique un jour où je serai motivé). Et j'aime beaucoup cet épisode en particulier, qui est un précurseur sur beaucoup de points...

Quand on y réfléchit, GTA III, c'est GTA 2 transposé en 3D (techniquement, GTA 2 EST en 3D, mais une 3D vue de haut, et garde un aspect et un feeling très 2D). D'ailleurs, l'antihéros que l'on incarne est souvent considéré comme étant Claude Speed, le protagoniste de GTA 2…

À la suite d'un braquage qui a mal tourné (ou plutôt à cause de la sal*pe qui l'a trahi et l'a plombé), Claude se retrouve dans un fourgon blindé en route pour la prison de Liberty City, à la suite d'un procès que l'on devine expéditif. Par chance pour lui, deux autres futurs détenus sont aussi dans le véhicule : un maniaque des explosifs -surnommé 8-ball- qui a de nombreux amis parmi les pontes de la mafia, et un membre du cartel colombien (nos futurs antagonistes) dont les associés ne vont pas tarder à venir attaquer le convoi… Claude sympathise avec 8-ball et tous deux profitent de la confusion ambiante pour échapper aux flics à leurs trousses. En guise de remerciement, 8-ball accepte d'être sa porte d'entrée dans le cercle très fermé du grand banditisme...

Liberty City est une ville immense et magnifique, en tout cas pour un open world de 2001. Librement inspirée de New York (et un peu de Chicago aussi), elle est composée de 3 îles qui ont chacune leur ambiance propre.

La première, Portland, est une zone hautement industrielle avec ses entrepôts et ses docks. C'est aussi là que se trouvent les quartiers les plus chauds de la ville, avec entre autres Chinatown et le quartier nord sous le contrôle de la mafia, notamment la famille Leone, pour laquelle Claude va rapidement être amené à travailler.

La seconde île, Staunton Island, représente le centre financier et commercial de Liberty City. Avec son Belleville Park ancré en son centre, elle est facilement assimilable à Manhattan. D'ailleurs, elle abrite le QG des expe...euh de la police, de même qu'une base militaire ou encore l'hôpital central.

Enfin, la dernière île, Shoreside Vale, est principalement composée de l'aéroport et des quartiers résidentiels de ceux qui ont réussi (± légalement) ou qui sont nés avec une cuillère d'or dans la bouche.

Les graphistes ont réussi un vrai travail d'orfèvre, chaque quartier ayant son identité propre, de sorte que se repérer parfaitement devient naturel au bout de quelques heures -voire minutes- de jeu seulement... GTA III gère également un cycle jour/nuit du plus bel effet, ainsi qu'une météo dynamique (pluie, brouillard…). Par contre, en termes de graphismes purs, le jeu ne flatte pas vraiment la rétine, mais bon, avec une surface de jeu de plus de 4km², on le lui pardonne facilement...

La plus grande ""révolution"" de GTA III est quand même l'abandon de la vue aérienne pour une vision au ras du sol, à la ""troisième personne"". Les joutes armées en ont grandement gagné en intensité et surtout en précision, même si le système de lock reste très perfectible. C'est pareil pour la conduite des véhicules, bien plus agréable à prendre en main, et plus ou moins souple selon le modèle, son état et la météo… Et gâteau sur la cerise, on peut même tirer sur les côtés tout en conduisant.

Si certaines missions s'obtiennent encore par le biais de téléphones (Marty Chonks, El Burro…), la plupart sont scénarisées et introduites par des cutscenes plutôt bien foutues pour l'époque, faisant avancer l'intrigue. Le scénario nous propose pas moins de 73 missions relativement variées (fusillades, règlements de compte, protection de convoi ou de personnes, pose de bombes pour piéger entrepôts ou voitures…) et les missions annexes (police, pompiers, taxi, ambulance, vol de voitures, paquets cachés, sautes uniques, missions carnages…) se chargent de booster la durée de vie et notre porte-monnaie virtuel, qui est malheureusement un peu gadget, puisqu'à part les armes et leurs munitions, il n'y a pas grand-chose à acheter...

Attention, foutre le boxon en ville ne restera pas impuni : les forces de l'ordre veillent plus que jamais. Le système de recherche a été peaufiné, reposant désormais sur un système d'étoiles :
- 1 étoile : les flics qui nous repèrent nous coursent, mais il reste assez aisé de fuir. En se tenant à carreau quelques temps, les recherches cessent d'elles-mêmes…
- 2 étoiles : les flics sont plus tenaces et les recherches ne cesseront jamais d'elles-mêmes. Repeindre sa caisse ou ramasser des pots-de-vin font partie des solutions possibles…
- 3 étoiles : les choses sérieuses commencent. En plus des forces de police au sol, des hélicos viennent en renfort pour quadriller la zone…
- 4 étoiles : le SWAT vient prêter main forte. Ils sont nombreux et biens organisés, ont des véhicules robustes et des armes automatiques…
- 5 étoiles : le FBI prend le relais… En plus d'avoir des caisses rapides et plutôt solides, ils attaquent au M-16 et font TRÈS mal…
- 6 étoiles : le niveau maximum. L'armée débarque avec ses tanks… Autant préciser que l'espérance de vie frôle dans ce cas le zéro absolu… Il en faut heureusement BEAUCOUP pour en arriver là...

Enfin, comment ne pas évoquer l'un des points forts de ce GTA III : l'environnement sonore. Comme dans un Shenmue, l'atmosphère en ville est plutôt crédible : les badauds vaquent à leurs occupations, discutent entre eux, les conducteurs klaxonnent dans les bouchons… Le système de radios multiples est vraiment bien pensé, et deviendra un signe distinctif de la série, ou tout du moins au début puisqu'il sera maintes et maintes fois repris dans les nombreux autres ""GTA-Like"". L'une d'elles est même dédiée à la BO de Scarface de De Palma, duquel Vice City puisera de nombreuses inspirations… Et puis il y a le casting vocal de très bonne facture, avec quelques guests bienvenus comme Michael Madsen, Robert Loggia ou encore Joe Pantoliano, permettant à des dialogues un poil clichés de se transcender…

GTA III est donc une franche réussite à tous les niveaux, même s'il est loin d'être parfait : le lock s'acharne à viser l'ennemi le plus proche alors que ce n'est pas forcément le plus dangereux, l'animation peine à suivre lorsque trop d'éléments sont affichés (genre nuit + pluie + trafic), les bugs de collision ou d'affichage sont très fréquents même si rarement gênants (certains peuvent même être très drôles)… On aurait aussi bien aimé avoir la carte générale de la ville ailleurs que dans le manuel…

Mais dans l'ensemble, on passe outre ces quelques travers et on s'amuse, et c'est bien ce qui compte. Dans le pire des cas, on peut toujours se venger en se défoulant sadiquement sur ces pauvres piétons innocents…

EN BONUS, VOICI ""QUELQUES"" CHEAT CODES :

Mode Gore : Pour passer outre la censure européenne (merci à nos amis allemands), il suffit de mettre la console et le jeu en ANGLAIS. Vous pouvez remettre le jeu en français après avoir sauvegarder votre partie, mais pas la console. Notez que le mode Gore débloque également les missions carnage disséminées aux quatre coins de la carte, de même que la possibilité de récupérer le contenu du portefeuille d'une victime…

Arrestations fastoches : Si vous avez du mal à intercepter certains fuyards lors des missions police, il existe une sorte de bug bien pratique : mettre le jeu sur pause (quand le suspect est dans votre champ de vision) ! Ce dernier descendra alors automatiquement de son véhicule, et vous n'aurez plus qu'à l'écraser !

LES CODES SUIVANTS SONT À ENTRER DIRECTEMENT EN COURS DE PARTIE, SANS METTRE SUR PAUSE.

Mode Super Gore : si le mode Gore amène le sang, le mode Super Gore amène les démembrements (sérieux, on dirait de la poésie). Il faut d'abord activer le mode Gore, puis entrer le code suivant : Carré, L1, O, Bas, L1, R1, Triangle, Droite, L1, X. Attention, aucun message n'indique si vous avez fait correctement la manip' ; il faur alors...hum, faire des tests…

Tank : Vous avez déjà vu un tank tomber du ciel ? Maintenant oui. Pour ce faire, pressez O, O, O, O, O, O, R1, L2, L1, Triangle, O, Triangle. La tourelle se dirige avec le stick droit, tandis que O permet de tirer. Petite astuce : en pointant la tourelle vers l'arrière et en spammant O, il est possible d'atteindre de belles pointes de vitesse…

250.000 $ : l'argent ne sert pas à grand-chose dans GTA III. On va dire que c'est ""au cas où"". Pressez R2, R2, L1, L1, Gauche, Bas, Droite, Haut, Gauche, Bas, Droite, Haut.

Vie au max : Pressez R2, R2, L1, R1, Gauche, Bas, Droite, Haut, Gauche, Bas, Droite, Haut. Notez que faire le code à bord d'un véhicule le remettra comme neuf !

Armure au max : Pressez R2, R2, L1, L2, Gauche, Bas, Droite, Haut, Gauche, Bas, Droite, Haut. Non, faire le code à bord d'un véhicule n'augmentera pas sa résistance…

Toutes les armes : Pressez R2, R2, L1, R2, Gauche, Bas, Droite, Haut, Gauche, Bas, Droite, Haut.

Indice de recherche augmenté : Pour les joueurs téméraires. Pressez R2, R2, L1, R2, Gauche, Droite, Gauche, Droite, Gauche, Droite.

Indice de recherche diminué : Pour les joueurs normaux. Pressez R2, R2, L1, R2, Haut, Bas, Haut, Bas, Haut, Bas.

Exploser tous les véhicules à l'écran : Pour les cinglés. Pressez L2, R2, L1, R1, L2, R2, Triangle, Carré, O, Triangle, L2, L1. Ne faîtes le code à bord d'une caisse QUE si vous avez l'âme d'un kamikaze…

Bolides bondissants : Pressez R1, L1, R2, L1, Gauche, R1, R1, Triangle. Pour sauter, il suffit de klaxonner (L3).

Jouer au ralenti : Pour avoir l'impression de jouer sous LSD, pressez Triangle, Haut, Droite, Bas, Carré, R1, R2. Plus vous le referez, plus vous serez drogué (jusqu'à 3 fois).

Jouer en accéléré : Pour avoir l'impression de jouer sous coke, pressez Triangle, Haut, Droite, Bas, Carré, L1, L2. Malheureusement (ou pas?), faire plusieurs fois le code n'a aucun effet…

Accélérer le temps : Pressez O, O, O, Carré, Carré, Carré, Carré, Carré, L1, Triangle, O, Triangle. Les heures défilent bien plus vite, rendant certaines missions impossibles à réussir…

Météo ensoleillée : vous en avez marre du temps pourri de Liberty City ? Pressez L1, L2, R1, R2, R2, R1, L2, Triangle.

Météo nuageuse : Pressez L1, L2, R1, R2, R2, R1, L2, Carré.

Météo brumeuse : Pressez L1, L2, R1, R2, R2, R1, L2, X.

Météo pourrav…euh, orageuse : Pressez L1, L2, R1, R2, R2, R1, L2, O.

Changer d'apparence : en pressant Droite, Bas, Gauche, Haut, L1, L2, Haut, Gauche, Bas, Droite, Claude prendra le skin d'un pnj au hasard. Refaîtes-le jusqu'à obtenir le style désiré.

Bastons de rue : pour voir les piétons se battre les uns avec les autres, pressez Bas, Haut, Gauche, Haut, X, R1, R2, L2, L1.

Piétons armés : Pressez R2, R1, Triangle, X, L2, L1, Haut, Bas.

Seul contre tous : Pressez Bas, Haut, Gauche, Haut, X, R1, R2, L1, L2. Tous les piétons veulent vous faire la peau !

Guerre civile totale : Activez en même temps les 3 codes précédents…

Pour finir, sachez que si vous tirez sur la Lune au sniper, celle-ci changera de taille. Effectivement, ça ne sert à rien…",2015-09-08,455,9,2015,positif
8,8,0.058,0.863,0.079,0.9531,Grand Theft Auto III,"Désolé pour ce jeu de mot pas drôle, mais je voulais la sortir...

Grand Theft Auto III est le premier épisode sur PS2, mais aussi le premier épisode de la saga à être en 3D.

Les premiers GTA étaient des jeux en « 2D » avec vue de dessus. Dès ces premiers opus on pouvait déjà voler et conduire des véhicules, se promenait dans un monde ouvert, mais aussi utiliser des armes et se faire connaître par les forces de l'ordre. L'idée de base de la saga se tient sur cette liberté d'action. A partir de GTA II, la saga eu un revirement et va plus loin qu'un simple jeu à faire des scores en incluant un scénario et des missions.

GTA III décide d'aller plus loin et de révolutionner le jeu à monde ouvert. Son concurrent direct à ce moment là n'était autre que Driver 2, un jeu PS1 à monde ouvert mais qui était déjà trois dimensions où nous pouvons nous y promener aussi bien en voiture qu'à pied. Ne disposant pas pour autant la liberté d'action offerte par la saga GTA (armes, interagir avec l'environnement...).

C'est alors que GTA III est allé plus loin de ce que nous connaissons déjà jusque là. Ce jeu nous plonge dans un univers entièrement en 3D qui utilise la puissance de la PS2. Un Liberty City à l'ambiance sombre et pluvieux dont lequel nous sommes libre de conduire des véhicules, utiliser des armes, faire des courses poursuites et de suivre le scénario. Qui n'a jamais rêvé d'un jeu ou nous sommes entièrement libre dans une ville ?

Même si son prédécesseur possède un semblant de scénario. GTA III inclus pour la première fois des cinématiques et des doublages pour une meilleur immersion dans l'intrigue mais aussi en dehors. Paradoxalement, notre anti-héros : Claude a tendance à ne pas parler durant le jeu. Il est un peu contemplatif sur les bords. Mais pour être sincère, cela ne m'a jamais vraiment gêné.

Donc de tête l'histoire nous raconte qu'un couple (Claude et Catalina) après avoir tenter un braquage n'a pas vécu heureux avec beaucoup d'enfants, mais au contraire la femme – Catalina – a trahis son petit ami en lui tirant dessus avant de prendre la fuite. Claude se retrouve alors dans un fourgon blindé de police, pendant ce trajet une embuscade se produit afin de libérer l'un des prisonniers, Claude profite alors de cette occasion pour fuir.
Un d'entre eux lui donne alors un contact afin qu'il démarre une nouvelle vie, c'est ainsi qu' il fait des boulots par ci et par là et multiplies ses rencontres jusqu'à ce qu'il arrive à ses fins. L'aventure sera longue et proposera des rencontres passionnantes avec les différents gangs de la ville.

En plus des missions principales, la ville vous proposera d'autres activités. Vous pourriez par exemple faire des missions de police, d'ambulance, de taxi et même de pompier. Vous pourriez ainsi consommer quelques drogues afin d'avoir un rendu ralenti sur votre écran temporairement, aller voir des prostitués ou encore utiliser des véhicules télécommandés afin de semer la terreur à Liberty City. La ville cache ainsi des paquets cachés, ce qui fait office d'exploration dans le jeu, n'oublions pas non plus les cascades uniques à réaliser. Peut-être que je n'ai pas tout cité, et sûrement que cela peut vous paraître peu, mais pour l'époque c'était déjà grandiose. Évidemment si vous voulez faire autre chose que ça, c'est à vous d'imaginer les situations.

Car effectivement pour cela, le jeu vous laisse un choix d'armes que vous pourriez soit acheter à l'Ammu-Nation, soit en trouver en ville, allant de la batte de base-ball au cocktail Molotov, du fusil d'asseau au lance-roquette et j'en passe. il y a de quoi faire. Même si avec du recul ça reste relativement peu (une dizaine).

Mais le jeu vous laisse aussi un large choix de véhicules avec des camions de marchandises, des camions américain, des grosses cylindrés, des voitures de sports, des bateaux entre autre. Par rapport au premier GTA, ce troisième épisode ne contient pas de véhicules à deux roues, mais avec le travail qui a été fournie, cela reste cependant compréhensible. Le contenus que cela soit en arme ou en véhicule sera embelli avec GTA Vice City et plus encore avec GTA San Andreas. Pour un premier passage en 3D, c'était impeccable.

A l'instar des précédents épisodes (et ceux qui le succèdent), celui-ci aura aussi sa gamme de radio et dégagera une belle ambiance au jeu, des musiques que si on les réécouterait aujourd'hui nous provoqueront nostalgie et plaisir.

En véhicule, comme à pied, du fait qu'il y a eu le passage en 3D, on dispose de plusieurs angles de caméra afin que cette dernière s'éloigne ou s'approche du personnage/véhicule selon nos goûts et nos envies. Puis pour les plus nostalgiques Rockstar a pensé (seulement pour cet épisode) à inclure une vue du dessus pour se croire dans un GTA à l'ancienne, mais avec de meilleurs graphismes.

L'immersion de la ville est là, en tout cas pour l'époque, aujourd'hui peut-être que cette immersion paraîtra fade comparé à ce que nous propose Rockstar dernièrement. Mais on pouvait déjà voir des journaux s'envoler au vent, de la fumée qui se dégageait des plaques d'égouts ou encore entendre une certaine résonance quand on vagabondait dans un tunnel.

De plus l'environnement réagit à nos actions, si une voiture explose les pompiers interviennent, si une personne meurt les médecins s'en chargent ou encore si on fait des conneries, les flics nous coursent. Puis bien évidement si on tire dans la rue, les piétons ont peurs, les gangs essayeront de t’éliminer, ou si on accidente une voiture, celle-ci te foncera dessus. Nous avons là une ville vivante. Nous ne sommes plus seul dans la ville comme c'était un peu le cas dans Driver 2, on y trouve ici une certaine intelligence artificielle.

Pour finir à l'instar de GTA Vice City, le problème de cet épisode réside sur ses mécaniques de jeu. En véhicule ça ne pose pas vraiment de problème, c'est arcade mais ça se contrôle très bien. Cependant c'est le côté action du jeu qui cloche un peu, et cela à cause de sa visée automatique, on tire du coup un peu à l'aveuglette et sans pouvoir tirer ailleurs que sur des humains. C'est dommage, mais c'est leur premier essaie dans dans un tel environnement.

GTA III est donc réellement un titre qui a révolutionné le jeu vidéo, et surtout les jeux à monde ouvert. Aujourd'hui encore GTA n'a toujours pas perdu cette aura d'autrefois et s'avère toujours la référence dans le genre. GTA III a marqué les esprits de toute une génération à l'instar de ses successeurs.",2014-12-16,860,12,2014,positif
9,9,0.0,0.946,0.054,0.1511,Grand Theft Auto III,"Liberty City est devenue ma deuxième ville natale, le bouton ""croix"" une extension de mon pouce, le bouton ""rond"" ma voix playstationesque. Non, je ne suis pas un geek.",2010-07-25,201,7,2010,positif
10,10,0.076,0.873,0.051,-0.9581,Grand Theft Auto III,"Les gens qui mettent des 9, des 8 etc... Avez-vous joué au jeu ? C'est une daube, un supplice, je paye un jeu pour ne pas m'amuser, je ne pensais pas que c'était possible.
Entre les cinématiques qui sont cadrées avec le fion. Des bancs en plein milieu de l'écran, des personnage cropés à gauche ou à droite, le gros crane du perso principal en plein milieu... On dirait le cadrage d'un prank de greg guillotin. On est loin de la qualité de cinématique du 5.
Mais ça encore c'est qu'un amuse gueule parce que le gameplay est une purge. La conduite dans ce jeu alors comment expliquer. Imaginez une patinoire où tout le monde tenterait de vous percuter pour vous empêcher d'arriver à destination. Voilà ce qu'est GTA 3. Une conduite qui patine et glisse où toutes les IA sont codées pour vous percuter, tourner sur vous au dernier moment pour pourrir vos missions (qui sont d'ailleurs chronométrées pour bien vous casser les Coui****) mais aussi pour exterminer votre voiture qui a le même nombre de pv qu'un papillon de nuit. La voiture explose en 2 secondes, sérieusement... Donc on a le trafic routier qui souhaite votre mort mais également les piétons parce que tous les 3 mètres vous croiserez une fusillade ou des yakuzas souhaitent vous plomber, donc votre voiture explose. Mais quand ce n'est pas le trafic ni les piétons, votre voiture explosera quand même à croire que la ville est minée.
Parlons également du gps et de sa ligne jaune pisse absolument invisible ou les myopes n'arriveront jamais à destination. Et même si il y arrivent, le gps leur indiquera la voie 9 3/4 où des chemins inexistants. Ce genre de choses arrivent pendant des missions chronométrées ce qui vous donnera envie de vous défouler sur le premier venu dans la rue.
La cerise sur le jeu de merde c'est que les véhicules spawneront devant vous ce qui rendra les courses infectent autant pour vous que pour les IA, les pauvres, même elles ne veulent plus jouer.
Les missions se ressemblent toutes, on doit tout le temps Amorcer une bombe sur un véhicule, le placer à un endroit puis faire exploser, ou alors il y a plusieurs points sur la map où l'on doit se rendre avec un timer mais c'est insupportable car le trafic routier ressemble à celui de bombay et les piétons vous tirent dessus comme au Mexique. Vous êtes l'ennemi public numéro 1 comme dans John Wick Parebellum sauf que vous ne savez pas viser, vous ne savez pas escalader un mur même si celui-ci fait la taille de mimi mathy ou d'Elodie Costa. Donc vous allez passer votre temps à recommencer les missions jusqu'à votre mort mais au moins on voyage... Wow New York city, on s'y croirait....
On s'arrête ici pour l'instant, dans mon prochain livre je vous parlerai de la visée et des grenades. On ne peut pas dire que dans ce jeu, les ennemis ne savent pas viser. Ils m'ont terrassé malgré mon rank de global elite sur csgo, je ne pouvais rien faire, je n'en peux plus, rockstar par pitié sortez le 6",2023-12-10,37,12,2023,negatif
11,11,0.081,0.78,0.139,0.8377,Grand Theft Auto III,"Points positifs :
- Graphiquement bien vieilli si on le prend comme du cartoon
- Les missions sont vraiment sympa la plupart du temps car on a vraiment l'impression d'incarner un gangster qui fait le sale boulot
- La conduite est très bonne
- La ville de Liberty City est très bien conçu
- Possibilité de conduire une multitudes de véhicules n'importe quand et n'importe où
- Grand arsenal pour varier les plaisirs
- Très bonne durée de vie
- Cheat codes excellents qui apportent une très bonne plus-value au jeu

- Le souci du détail dans l'animation de la ville

Points négatifs :
- Pas très fluide en règle général (surtout dans sa version PAL)
- Caméra parfois à la traîne
- Phases de gunfights vraiment nuls à chier à cause de la visée automatique
- Certaines missions sont assez nazes (ex : ramasser un certain nombre de paquets de journaux dans une itinéraire fixé avant le temps imparti)
- Certains véhicules sont des savonnettes
- La vue à la première personne ne sert à rien",2021-10-24,49,10,2021,positif
12,12,0.061,0.854,0.085,0.6965,Grand Theft Auto III,"Après les 2 premier GTA qui étaient moyens. Rockstar Games décide de sortir le 3em volet de leur série GTA.

Et ben, c'est une claque que j'ai reçu quand j'ai joué pour la 1er fois. l'ambiance est vraiment bien, on dirait qu'on est dans un film de criminel ou on est le protagoniste. Un autre point très cool est le fait qu'on peut faire le carnage dans la ville de Liberty City entre les missions qui servent à faire avancer l'histoire. L'histoire est plus avancée que les 2 premiers volets. un scénario plus poussée, presque proche du scénario d'une série TV. Le jeu ne reste pas parfait, la mobilité des véhicules peut être moyen dans certains occasions.

Bref, une critique assez courte pour un jeu que j'aime beaucoup et qui servira à GTA de se révéler au grand public.",2021-09-11,29,9,2021,positif
13,13,0.081,0.805,0.114,0.9745,Grand Theft Auto III,"Je vous conseille la version vidéo, potentiellement retouchée, de cette critique : https://www.youtube.com/watch?v=LqXvISylb_4


Comme beaucoup de gens, j'aime beaucoup la licence GTA. On remercie l'irresponsabilité de mes parents qui m'a permis de me forger des souvenirs d'enfance sur San Andreas, puis d'adolescence sur GTA V (avant de faire le IV, à côté duquel j'étais passé). Depuis quelques années, j'ai pour objectif de faire les plus grands classiques de l'histoire du jeu vidéo, et ce GTA III était une étape obligatoire. Je l'ai terminé il y a quelques jours et j'avais envie de vous partager mon ressenti de personne découvrant le jeu (original, et non pas la Definitive Edition qui vient de sortir à l'heure où j'écris ces lignes) en 2021.

Déjà, peu importe le nombre de défauts, on ne peut pas retirer à ce titre le statut de pionnier de l'open world 3D. Faisant office de premier balbutiement de ce type de jeux, on aura tendance à se montrer plus clément envers ses lacunes.

Le scénario est surtout un prétexte au jeu : Le joueur incarne Claude Speed, un personnage muet trahi lors d'un braquage. Par chance, alors qu'il était transporté vers une prison, le fourgon qui le transportait est attaqué par un groupe d'hommes armés venus enlever un autre prisonnier. Notre personnage en profite pour fuir en compagnie d'un certain 8-Ball, un autre prisonnier qui va lui fournir du travail au sein d'une des nombreuses famille mafieuses de Liberty City. S'ensuivront une série de missions pour rendre service à ces différentes familles entre deux trahisons.
En parcourant le jeu, on peut clairement sentir l'inspiration des plus grandes œuvres du genre (sans en atteindre la profondeur) comme Le Parrain, Casino ou encore Les Affranchis (que l'on retrouve même sur des affiches illustrant le film ""Badfellas"", en clin d'œil à Goodfellas, le titre original du film).

En ce qui concerne le gameplay, j'avais une grande appréhension, mais l'ensemble s'est avéré plutôt correct. Je me suis même surpris à avoir envie d'y jouer quand je n'étais pas chez moi (ce qui est devenu assez rare). Je pense que cela vient de deux éléments : D'une part, GTA III est assez court (environ dix heures, ce qui n'est rien comparé à un San Andreas ou GTA IV) ce qui, malgré des missions répétitives, empêche la lassitude de s'installer. De l'autre, malgré ses vingt ans il reste relativement agréable à jouer ! J'ai bien dit relativement, car dès qu'une séquence de gunfight intervient, c'est plus compliqué. Je n'ai d'ailleurs pas fait l'expérience la plus ""pure"" du titre étant donné que je me suis vu obligé d'utiliser des cheat codes pour réussir certaines missions. Entre la visée qui cible un passant lambda alors que trois ennemis nous tirent dessus juste à côté, la portée de ladite visée qui ne se déclenche qu'à quelques mètres des adversaires et la précision à toute épreuve de ces derniers, il était difficile de prendre du plaisir.

Les combats à mains armées médiocres et nombreux sont heureusement rattrapée par la partie conduite. Même avec l'expérience de conduite sur des jeux plus récents, la prise en main des voitures sur ce GTA III s'est faite sans difficulté. Certes, les voitures de l'époque étaient beaucoup moins résistantes qu'aujourd'hui (de la fumée s'échappe du capot au moindre petit choc). Par contre, les poteaux, ça c'était de la bonne qualité ! Même le plus ridicule d'entre eux réussit à stopper net une camionnette lancée à pleine vitesse... En plus de la faire fumer.
Mais malgré cela, la conduite est globalement fluide et la ville, assez petite, y est pour quelque chose. C'est d'ailleurs un plaisir de traverser Liberty City en écoutant les excellentes chaînes de radios, avec leur pubs parodiques très drôles et leurs musiques variées.
L'attribution des touches (croix pour avancer, carré pour reculer) est archaïque pour un joueur d'aujourd'hui mais fonctionne encore très bien, et l'utilisation des gâchettes pour regarder sur les côtés ou derrière soi est une bonne idée, très utile de surcroît.

Toute l'aventure consistera donc à voler des voitures, tuer des gens ou voler des voitures pour tuer des gens, mais de temps à autre, une mission originale sort du lot. Je pense notamment à celle consistant à amener un flic corrompu à l'aéroport, alors que la CIA surveille le pont qu'il faut normalement traverser, ce qui nous poussera à nous montrer malin dans le choix de l'itinéraire pour arriver à destination. Tout cela pour rendre service à des personnages hauts en couleur pendant une petite dizaine d'heures durant lesquelles on apprend à connaître les lieux pour mieux y circuler. Vous me direz, on y est obligé car il n'y a aucune map pour se repérer dans cet opus.

Certes GTA III a pris quelques rides, mais il reste relativement jouable comparé à d'autres titres de la même époque. N'ayant pas encore eu l'occasion de mettre les mains dessus, je ne saurais dire si la Definitive Edition, qui adopte un gameplay plus moderne, vaut le coup. A moins que vous ne comptiez utiliser des cheat codes, je vous conseillerais tout de même de passer par cette dernière tant les gunfights sont désagréables sur le titre d'origine. Mis à part ce gros point noir, l'expérience fut plaisante et intéressante. Avec GTA III on à affaire à un titre de transition, qui amorce la fameuse ère de la 3D tout en gardant des liens avec les épisodes précédents. J'en veux pour preuve la vue de dessus, qui est un des angles de caméra disponibles, ou encore l'utilisation des cabines téléphoniques pour accéder aux missions secondaires.
En bref, je le conseillerais aux fans de la licence qui voudraient approfondir leurs connaissances ou à ceux qui s'intéressent à l'histoire du jeu vidéo. Pour les autres, privilégiez plutôt les épisodes suivant, qui offrent un bien meilleur gameplay (gunfights et conduite); des protagonistes avec une vraie personnalité (et une voix !), une histoire plus riche (mais plus longue) ainsi que des environnements plus charmants (contrairement à GTA IV, cette Liberty City n'est que très vaguement inspirée de New York).",2021-12-04,75,12,2021,positif
14,14,0.057,0.813,0.131,0.993,Grand Theft Auto III,"Sans aucun doute l'un des meilleur jeu de cette génération. Après les succès des 2 premiers GTA, la franchise de Rockstar va devenir culte et l'une des plus rentables de l'histoire du jeu vidéo en 2001 avec la 3D mis en place, offrant le premier GTA immerseif et des premières référence du genre de l'open world. Mais c'est surtout avec ce GTA 3 que va commencer les plaintes et les procès de par la violence du jeu, de plus que ça sort 2 mois après les attentats du 11 septembre (ce qui a mené à des modifications). Malgré cela, le jeu à connu un immense succès à sa sortie et a commencé l'ascension de la License. Et ce jeu est génial malgré son age.
Le jeu est absolument révolutionnaire au niveau des graphismes, surtout la richesse et la grandeur de la ville de Liberty City à parcourir (surtout que c'est une ville vivante avec des interactions), même si le jeu pique un peu des yeux de nos jours.
Il s'agit également du premier GTA à avoir un véritable scénario avec une narration et des personnages charismatiques en plus des doublages cultes des acteurs. L'intrigue est prenante où on incarne Claude, un voyou qui a été trahi et laissé pour mort par sa petite amie Catalina, qui revient pour se venger et doit travailler pour les différentes mafia et gangs de la ville pour atteindre son but. C'est une bonne histoire simple mais efficace avec une intrigue qui monte en puissance (avec en plus la progression d'île en île au fil du scénario) avec des guerres de gangs, des trahisons, et toute les activités que l'on retrouve dans tout les GTA, sans oublié les références aux films cultes comme Le Parrain ou les Affranchis. Les personnages sont bons avec en tête Claude qui est devenu culte malgré le fait qu'il est muet et que c'est le personnage qui ne fait qu'éxecuter les ordres des autres personnages (avec en plus une histoire d'amour survolée avec Maria, et qui a un impact sur le scénario vu que c'est ce qui provoque la trahison de Salvatore Leone). Sinon, les autres personnages sont très bons et sont devenus cultes (voir certains qui reviennent dans les autres opus PS2), que ce soit Salvatore Leone qui est clairement une référence à Vito Corleone du Parrain, Donald Love...
C'est dans la jouabilité où le jeu fait fort, avec de nombreuses phases de jeu (fusillades, conduire des voitures...), des missions nombreuses (avec en plus de la difficulté progressive avec les missions avec un timer) et toute les phases secondaires à accomplir et que l'on retrouve dans les autres opus PS2 (trouver tous les paquets cachées pour avoir des armes dans la planque, les courses, les cascades uniques, les missions de véhicules de service pour améliorer notre personnage, les missions secondaires...). On bénéficie d'une totale liberté (quitte à foutre le bordel en ville). Après le Gameplay a un peu vielli (et qui a pu être un peu amélioré dans le très controversé Definitive Edition), que ce soit au niveau de cibler les cibles, ou encore l'absence de map sur le menu pause qui nous pousse à connaitre parfaitement la map.
Et la bande originale est excellente, que ce soit la musique du générique, ainsi que la gigantesque bande son de la radio.
Bref ce jeu est culte et malgré son coté vieillot, le jeu reste tout de même plaisant et je continue à en prendre beaucoup de plaisir même aujourd'hui.",2022-11-01,175,11,2022,positif
15,15,0.07,0.855,0.075,0.6351,Grand Theft Auto III,"Le ""GTA-Like"" original, je ne sais pas vraiment à quel degré on peut attribuer toute la recette à cet opus, sachant que perso j'ai à l'époque pas mal joué à Driver 2 (sorti avant), et que moi ce que j'aime dans ces vieux GTA-Like c'est surtout me balader dans la ville en voiture, et pas spécialement utiliser le vieux gameplay de visée à pied.

Donc à part un scénario vraiment pas folichon, qu'a apporté ce GTA III par rapport à Driver 2 ? Ben on passe de la PS1 à la PS2 donc c'est plus joli, la ville est plus vivante, etc... mais personnellement la chose la plus significative que je trouve à dire, c'est plutôt une régression.

Où est la putain de carte ? Tout ce que t'as c'est le petit radar en bas de l'écran. Idée bien sûr pas du tout originale à GTA, mais lorsqu'ils ont copié l'idée, ils ont oublié de copier l'autre moitié de l'idée : celle d'avoir la possibilité de voir la carte en entière, pour savoir où tu vas.

Quand 90% des missions consistent à aller d'un point A à un point B, c'est quand même le minimum, qui a envie de devoir prendre au hasard des routes en espérant qu'elles vont ensuite tourner dans le bon sens ? Pour moi ça gâche pas mal le plaisir. Pourquoi un jeu de Playstation pouvait le faire et pas GTA III sur PS2 ? Même Driver sur la Game Boy Color avait la carte. Il faudra attendre Vice City pour que les développeurs de GTA se rendent compte de leur merde et corrigent la formule.

Du coup je juge surtout le début du jeu, je suis pas allé extrêmement loin. Sinon ben le jeu a quand même des qualités, le gameplay de conduite ""arcade"" est toujours sympa, et c'est quand même relativement fun (sans la map) de se balader dans la ville à fond la caisse, mais voilà j'ai pas eu envie de me taper ça pendant 20h alors que les personnages ne m'inspirent absolument rien et que les musiques encore pire. Donc un jeu ""pilier"" du genre, je vais dire oui, mais un pilier en gruyère.",2017-01-27,241,1,2017,positif
16,16,0.109,0.715,0.176,0.659,Grand Theft Auto III,"Un très bon jeu révolutionnaire pour son époque. Aujourd'hui la jouabilité a très mal vieilli, le scénario n'a aucun intérêt, les libertés sont désuètes, le gameplay est insupportable. Un monument du jeu vidéo qu'il ne convient pas de déterrer de nos jours, contrairement à san andreas.
Les radios sont très agréables.",2017-01-10,243,1,2017,positif
17,17,0.049,0.834,0.118,0.9749,Grand Theft Auto III,"Grand Theft Auto III, ou plus communément appelé GTA III, est un jeu vidéo apparu initialement sur PS2 en 2001. Ce jeu, développé et édité par Rockstar Games, est la suite de la saga éponyme. Contrairement à ses 3 prédécesseurs, GTA III est un monde ouvert en 3D et non en vue de dessus. C'est cet opus qui a rendu la saga aussi célèbre, le passage en 3D de la série a été un réel accélérateur pour la popularité et la renommé de la série.

Si on le compare aujourd'hui au cador GTA San Andreas ou à GTA V, on se rend vite compte qu'il accumulait de nombreux défauts comme sa caméra bien gênante, autant à l'époque qu'aujourd'hui, sa rigidité horrible, l'impossibilité de viser ou sa difficulté assez mal calibrée. Cependant, il partage de nombreux points communs avec ses successeurs tels que sa bande-son, qui est vraiment bonne, sa durée de vie convenable ou encore son histoire, classique mais efficace. Quand aux graphismes, aujourd'hui, ils piquent les yeux (et encore, ça passe) mais pour l'époque, c'était vraiment une bombe.

Donc oui, ce jeu est vieux, oui, il a de nombreux défauts, mais je le vois plus comme une sorte de madeleine de Proust ou comme une sorte d'initiateur de mondes ouverts 3D, car oui, GTA III est un des jeux qui a initié les mondes ouverts en 3D et qui les a démocratisés. Dites-vous que c'est grâce à ce GTA que la série est devenue ce qu'elle est aujourd'hui de part sa popularité et de sa reconnaissance dans le milieu du jeu vidéo.

Je mets à sa version PS2 un 9/10 et à sa version PS4 un 8/10 à cause du prix que Sony lui a attribué.

PS : Les trophées, qui contiennent un trophée Platine, sont assez simples à avoir.",2017-10-15,1300,10,2017,positif
18,18,0.047,0.83,0.123,0.6747,Grand Theft Auto III,"Premier pas de la série en 3D. Je me souviens avoir passé des heures à crapahuter dans la ville, plutôt sombre, à piquer des voitures au gens, à éviter la police… J’ai un peu suivi le scénario, mais sans plus… Cette manière de jouer à évidemment compromis mon intérêt pour les suites de ce jeu… y compris sur la PS3…",2023-09-14,4,9,2023,positif
19,19,0.0,0.926,0.074,0.7304,Grand Theft Auto III,"Dans GTA 3, on n'a pas encore l'occasion d'acheter des propriétés ou de chevaucher les motos. Et ben je m'en tape parce que grâce à GTA 3, j'ai débuté dans la mafia pour emmerder les triades chinoises, je me suis réfugié chez les Yakuzas sur la deuxième île et j'ai atteri sur la troisième pour dégommer les colombiens. Sans oublier que je me suis frotté de temps à autres aux Cubains et aux blacks du ghetto. Tous les gangs possibles et imaginables sont présents. La boucle est bouclée. 10/10",2010-12-21,318,12,2010,positif
20,20,0.032,0.802,0.166,0.9807,Grand Theft Auto III,"On tiens là le meilleur GTA de la PS2 à mon gout (je me risquerais pas à dire le meilleur de la série).

Le premier jeu que j'ai eu avec ma PS2 et le premier jeu (d'une longue série) à m'avoir bluffé sur PS2. La liberté d'action énorme qui fait le charme de tous les GTA mais surtout l'ambiance. Dévaler les rues de Liberty City au volant de sa voiture avec la radio de son choix à fond, ça vaut son pesant d'or. Choisir sa radio suivant son humeur, sortir se balader à pied et écouter les diverses railleries des passants, voir le coucher de soleil tranquillement au bord d'une plage, conduire tant bien que mal la nuit sous la pluie. Tous ces petits charmes qui rendent l'expérience de jeu fabuleuse.

Moi qui me délectait quelques mois plus tôt des libertés offertes dans Driver 2, quelle claque de passer à GTA 3 ! Une des plus belle expérience de jeu pour moi.",2010-12-16,338,12,2010,positif
21,21,0.11,0.829,0.061,-0.981,Grand Theft Auto III,"L’un des tout premiers jeux en monde ouvert mais malheureusement aussi… l’un des pires ! on passera sur le fait que le jeu soit bien moche -y compris pour son époque- mais pas les graves problèmes de maniabilité ! en effet, GTA3 se manie comme une merde à pied, comme si chez Rocktarte, on avait pas (encore) compris comment faire un TPS correctement… c’est pourtant pas la mer à boire mais ils n’y arrivent pas… et d’ailleurs ils n’y sont jamais arrrivés par la suite… ou les suites !

Ainsi, par exemple, lorsqu’on veut regarder avec le stick droit, le jeu passe en vue subjective ! c’est putain de n’importe quoi… et pendant qu’on vise, de gros crochets entourent les cibles qu’il faut faire défiler manuellement ! aucun réticule à l’écran, aucune visée libre… évidemment. De toute évidence, GTA3 est un TPS foiré, foireux et injouable ! D’ailleurs, alors que la conduite reste tout-à-fait correcte, le problème de la vue se repose en voiture : trop zoomée et brutale avec le stick droit !

Ce n’est pas le pire (même si ça y contribue) car par ailleurs le ton général du jeu très caricatural est souvent pénible, toutes les voix sont en amerloque (caricatural) avec plein de gros mots pour faire genre (ou style ?) et côté « soins », c’est juste… « va te faire foutre »… De toute façon, en cas d’échec, le jeu ne pardonne rien et n’a prévu aucun checkpoint : il a juste prévu « »va te faire foutre » » en te téléportant à l’hosto ou chez les flics, en te piquant une partie de ton fric et en te piquant… toutes tes armes !

Il faudra donc recommencer la mission du début bien sûr, ce qui veut dire bien pire que cela en fait : repartir de l’hosto, aller racheter un flingue, aller voir le con qui te donne la mission,puis aller sur le lieu de la mission… ; sinon recharger carrément la sauvegarde d’avant, ce qui implique d’avoir encore ses armes mais de se retaper le trajet jusqu’au con, puis d’aller sur le lieu de la mission etc…

De toute façon, GTA3 ne sauvegarde jamais tout seul et il faut régulièrement retourner à la planque pour simplement… sauvegarder. On croit rêver… Pour le reste, trop de missions en temps limité et de scripts destinés à te les briser menues afin de te faire recommencer une quantité de missions de merde hallucinante…

Je mets 1 point quand même pour la conduite des bagnoles, arcade mais bien faite ! c’est tout ce qu’ils ont jamais réussi à bien faire : la conduite dans leurs villes de merde…",2023-04-19,24,4,2023,negatif
22,22,0.086,0.778,0.136,0.4389,Grand Theft Auto III,"Dans ce jeu vous incarné le personnage de Claude dans la ville de Liberty City, vous êtes au service de grands mafieux dans un monde sanguinaire, avec des personnages aux prénoms Italien, l'immersion est parfaite profiter donc dans votre bagnole ""Mafia Sentinel"" en écoutant Radio Double clef FM pendant que les meurtres fusent dans les conflits de rues.
Un jeu appréciable sur toutes époques en particulier pour les adorateurs de la mafia, merci Rockstar Games pour ce chef d'œuvre.",2023-01-26,1,1,2023,positif
23,23,0.045,0.823,0.133,0.9802,Grand Theft Auto III,"QUALITES:
GTA passe a la 3D et ca change tout ! une immersion de folie dans la ville avec des environnements on ne peut plus vivants !
C'est terriblement long a finir, des tas de missions variées, des bonus, rien n'est linéaire, il y en a pour des mois, et il y a tant de choses a faire hors mission qu'il est dur de se lasser.
Cette liberté incroyable que nous offre le jeu était révolutionnaire à l'époque, conduire toutes les voitures, aller partout, intéragir avec tout le monde, génial !
Liberty city est vaste, détaillé, ca bouge, ca vit.
La conduite des voitures est un plaisir, alors que ce n'est qu'un aspect secondaire du jeu, il est pourtant meilleur que bien des jeux de caisses!
La BO est cool au possible, les radios rythment le jeu avec bonheur.
On se passionne pour l'histoire de ces mafieux, on gravit les échelons, on est a fond dedans !
DEFAUTS:
Les décors sont globalement un peu sombres.
Mais pourquoi avoir pris cette étrange décision de ne pas faire parler le perso principal ? Ca donne lieu a quelques conversations surréalistes!
Un système de visée un peu prise de tête.
BILAN:
Au placard les vieux GTA, les Driver et autres jeux de gangsters, GTA 3 débarque et enfonce les portes et les fenêtres du genre .
La liberté incroyable, l'intérêt des missions et de l'histoire, le fun de la conduite, la durée de vie, ce GTA est une belle claque et lance avec brio la vraie saga des GTA qui va en rendre dingues plus d'un, malgré quelques petits défauts ( qui entachent peu la qualité de l'ensemble ) ce jeu est un vrai must.",2022-11-28,2,11,2022,positif
24,24,0.092,0.801,0.107,0.542,Grand Theft Auto III,"GTA 3 est le premier jeu en 3D et monde ouvert de la série, il essuie clairement les plâtres.
C'est quand même bourré de défauts.
La difficulté est incroyable (on meurt très TRES vite, les voitures explosent aussi incroyablement rapidement et la conduite est compliquée ...), sans codes je pense pas que j'en aurais vu le bout. Le personnage a un charisme d'huître, le scénario est pas très intéressant ...
Mais les bases de la série sont là, et ça reste quand même très agréable à jouer, pour la dizaine d'heures que prend la trame principale.",2018-03-03,346,3,2018,positif
25,25,0.088,0.802,0.111,0.718,Grand Theft Auto III,"Alors oui, pour l'époque c'était dingue d'avoir un jeu du genre qui repousse certaines limites, faisant naître le gta-like et des envies d'open-world assez sérieux et sombre.

Bon après, le jeu a mal vieilli, entre un personnage muet, trop même, une certaine rigidité qui a de quoi faire suer la conduite (malgré les efforts de météo qui donnent vraiment un côté réaliste), la recherche de police qui est un peu trop collante (du moins sur le début), une localisation qui nécessite d'avoir la map qui était fourni avec le jeu (ou faire joeur sa mémoire mais il est vrai que plus daté comme système), les gunfights éclatés qui consistent surtout à bourrer ou à exploiter le pathfinding, le merdier de ce dodo infâme, l'IA assez éclaté en mission comme en temps normal, l'eau étant un cauchemar ambiant et une mort certaine (pire encore sous tempête, et assez difficile de constater les dommages du bateau sans fumée)

Bref, il y a du chemin jusqu'à maintenant, mais il faudra surtout souligner une intro des plus qualitatives en terme de mise en scène de film. On en parle presque jamais, à tort, alors que cela donne un cachet authentique d'effort sur une mise en scène d'une ville sombre rongée par la pègre et les embrouilles.

C'était un grand tournant, une base solide quelque peu branlantes mais qui a convaincu beaucoup de gens. Et qui était encore spectaculaire à l'époque, un doux souvenir de gosses grattant le jeu de leur grand frère ou daron pour jouer à un jeu 18+ quand on pouvait être encore à l'école primaire.
Ce souvenir d'abus de cheat codes et bordel en tout genre, ainsi que cette maudite rue en travaux où on aura bloqué voiture durant une mission ou tank lors des instants de fun.

L'eau étant également un décès assuré quand on avait l'idée d'être curieux.",2021-09-15,138,9,2021,positif
26,26,0.1,0.711,0.189,0.645,Grand Theft Auto III,"Très bon gta , plus fun à jouer que les deux premiers, avec la vue à la premiere personne. C'est trop un plaisir de déambuler librement dans cette ville au volant de sa voiture (volé bien sur), en écrasant une ou deux personnes au passage, en semant les flics, ou en faisant le taxi pour gagner des sous, tout en écoutant la radio.
Le scénario du jeu est pas mal sinon, les missions sont intéressantes mais parfois pas évidente. Un jeu pas mal pour incarner un truand",2016-08-13,166,8,2016,positif
27,27,0.0,0.874,0.126,0.875,Grand Theft Auto III,"enfin la vue à la 3ème personne!!
avec ça GTA passe à une autre dimension,littéralement.

l'immersion,le plaisir de jeu,s'en ressente énorméééééément!!!

la jouissance de faire ce qu'on veut,de ne pas faire de missions si on a pas envie,de buter des gens pendant des soirées entières,de conduire n'importe quelle caisse,n'importe quel camion,moto,j'en passe et des meilleurs,la possibilité de se fritter avec des gangsters quand on veut....

j'ai jamais fini le jeu,j'y reviendrais surement un jour va..",2016-02-19,165,2,2016,positif
28,28,0.03,0.824,0.145,0.8067,Grand Theft Auto III,"La claque GTA III, c'est :
- une liberté totale à Liberty City (monde ouvert inédit),
- des missions mafieuses transgressives bourrées de références,
- une réalisation impressionnante « cartoonesque » et pourtant crédible

Un jeu qui a toutefois un peu vieilli dans sa jouabilité un peu raide...",2017-03-06,187,3,2017,positif
29,29,0.019,0.869,0.112,0.9888,Grand Theft Auto III,"Un jeu auquel j'ai joué quelques temps après sa sortie et que j'ai beaucoup apprécié. Je suis un grand fan de la série gta et celui-ci est ""LE"" jeu qui a révolutionné l'industrie vidéoludique. C'est vrai qu'il y a eu les précédents opus qui introduisaient le concept de jeu en monde ouvert mais c'était une vue sur le haut, subjective, c'était encore de la 2D, c'est vrai qu'il y a eu la saga ""Driver"" par la suite qui cette fois introduisait la 3D dans ce concept de jeu en monde ouvert mais c'était pas aussi fluide, poussé graphiquement même si ça ressemblait déjà à quelque chose et que c'était déjà très correct, c'était pas aussi interactif, là on avait un jeu en monde ouvert en 3D où le personnage pouvait se déplacer à pied, en véhicule, interagir avec le monde extérieur qui l'entoure, il y a eu Driver 2 juste avant certes donc ce n'est pas le premier jeu en 3D monde ouvert, mais c'était moins bien. C'est vraiment à partir de cet opus que GTA a atteint son full potentiel de jeu en monde ouvert dans une ville en 3D. Je me souviens que lorsque je jouais aux précédents opus, j'avais rêvé de cela, je me suis dis ce serait génial qu'un jour ils fassent une suite mais avec une vue en 3d à la troisième personne et ils l'ont fait et tellement bien réussi ! Je me souviens aussi que j'avais vu dans un magazine les images de ce projet d'un gta en 3d quelques temps auparavant, avant son annonce, quelques années avant, je sais plus exactement, un an ou deux avant et j'étais tellement enthousiaste je me disais mais ça va être magnifique !!! Ce jeu est un pur chef-d'oeuvre, un classique, un monument du jeu-vidéo, un must que tout gamer digne de ce nom doit avoir joué pour être pris au sérieux dans la communauté tellement stylé et magnifique des joueurs de jeux-vidéo. C'est un jeu qui a marqué son époque et l'histoire et doit être érigé en tant que référence culturelle majeure pour comprendre le monde. De plus l'ambiance elle est magnifique, une ambiance mafia italo-américaine avec des références aux familles mafieuses de New-York, les cartels colombien, les triades, les yakuzas.",2023-12-15,4,12,2023,positif
30,30,0.076,0.873,0.051,-0.9581,Grand Theft Auto III,"Les gens qui mettent des 9, des 8 etc... Avez-vous joué au jeu ? C'est une daube, un supplice, je paye un jeu pour ne pas m'amuser, je ne pensais pas que c'était possible.
Entre les cinématiques qui sont cadrées avec le fion. Des bancs en plein milieu de l'écran, des personnage cropés à gauche ou à droite, le gros crane du perso principal en plein milieu... On dirait le cadrage d'un prank de greg guillotin. On est loin de la qualité de cinématique du 5.
Mais ça encore c'est qu'un amuse gueule parce que le gameplay est une purge. La conduite dans ce jeu alors comment expliquer. Imaginez une patinoire où tout le monde tenterait de vous percuter pour vous empêcher d'arriver à destination. Voilà ce qu'est GTA 3. Une conduite qui patine et glisse où toutes les IA sont codées pour vous percuter, tourner sur vous au dernier moment pour pourrir vos missions (qui sont d'ailleurs chronométrées pour bien vous casser les Coui****) mais aussi pour exterminer votre voiture qui a le même nombre de pv qu'un papillon de nuit. La voiture explose en 2 secondes, sérieusement... Donc on a le trafic routier qui souhaite votre mort mais également les piétons parce que tous les 3 mètres vous croiserez une fusillade ou des yakuzas souhaitent vous plomber, donc votre voiture explose. Mais quand ce n'est pas le trafic ni les piétons, votre voiture explosera quand même à croire que la ville est minée.
Parlons également du gps et de sa ligne jaune pisse absolument invisible ou les myopes n'arriveront jamais à destination. Et même si il y arrivent, le gps leur indiquera la voie 9 3/4 où des chemins inexistants. Ce genre de choses arrivent pendant des missions chronométrées ce qui vous donnera envie de vous défouler sur le premier venu dans la rue.
La cerise sur le jeu de merde c'est que les véhicules spawneront devant vous ce qui rendra les courses infectent autant pour vous que pour les IA, les pauvres, même elles ne veulent plus jouer.
Les missions se ressemblent toutes, on doit tout le temps Amorcer une bombe sur un véhicule, le placer à un endroit puis faire exploser, ou alors il y a plusieurs points sur la map où l'on doit se rendre avec un timer mais c'est insupportable car le trafic routier ressemble à celui de bombay et les piétons vous tirent dessus comme au Mexique. Vous êtes l'ennemi public numéro 1 comme dans John Wick Parebellum sauf que vous ne savez pas viser, vous ne savez pas escalader un mur même si celui-ci fait la taille de mimi mathy ou d'Elodie Costa. Donc vous allez passer votre temps à recommencer les missions jusqu'à votre mort mais au moins on voyage... Wow New York city, on s'y croirait....
On s'arrête ici pour l'instant, dans mon prochain livre je vous parlerai de la visée et des grenades. On ne peut pas dire que dans ce jeu, les ennemis ne savent pas viser. Ils m'ont terrassé malgré mon rank de global elite sur csgo, je ne pouvais rien faire, je n'en peux plus, rockstar par pitié sortez le 6",2023-12-10,37,12,2023,negatif
31,31,0.081,0.78,0.139,0.8377,Grand Theft Auto III,"Points positifs :
- Graphiquement bien vieilli si on le prend comme du cartoon
- Les missions sont vraiment sympa la plupart du temps car on a vraiment l'impression d'incarner un gangster qui fait le sale boulot
- La conduite est très bonne
- La ville de Liberty City est très bien conçu
- Possibilité de conduire une multitudes de véhicules n'importe quand et n'importe où
- Grand arsenal pour varier les plaisirs
- Très bonne durée de vie
- Cheat codes excellents qui apportent une très bonne plus-value au jeu

- Le souci du détail dans l'animation de la ville

Points négatifs :
- Pas très fluide en règle général (surtout dans sa version PAL)
- Caméra parfois à la traîne
- Phases de gunfights vraiment nuls à chier à cause de la visée automatique
- Certaines missions sont assez nazes (ex : ramasser un certain nombre de paquets de journaux dans une itinéraire fixé avant le temps imparti)
- Certains véhicules sont des savonnettes
- La vue à la première personne ne sert à rien",2021-10-24,49,10,2021,positif
32,32,0.061,0.854,0.085,0.6965,Grand Theft Auto III,"Après les 2 premier GTA qui étaient moyens. Rockstar Games décide de sortir le 3em volet de leur série GTA.

Et ben, c'est une claque que j'ai reçu quand j'ai joué pour la 1er fois. l'ambiance est vraiment bien, on dirait qu'on est dans un film de criminel ou on est le protagoniste. Un autre point très cool est le fait qu'on peut faire le carnage dans la ville de Liberty City entre les missions qui servent à faire avancer l'histoire. L'histoire est plus avancée que les 2 premiers volets. un scénario plus poussée, presque proche du scénario d'une série TV. Le jeu ne reste pas parfait, la mobilité des véhicules peut être moyen dans certains occasions.

Bref, une critique assez courte pour un jeu que j'aime beaucoup et qui servira à GTA de se révéler au grand public.",2021-09-11,29,9,2021,positif
33,33,0.081,0.805,0.114,0.9745,Grand Theft Auto III,"Je vous conseille la version vidéo, potentiellement retouchée, de cette critique : https://www.youtube.com/watch?v=LqXvISylb_4


Comme beaucoup de gens, j'aime beaucoup la licence GTA. On remercie l'irresponsabilité de mes parents qui m'a permis de me forger des souvenirs d'enfance sur San Andreas, puis d'adolescence sur GTA V (avant de faire le IV, à côté duquel j'étais passé). Depuis quelques années, j'ai pour objectif de faire les plus grands classiques de l'histoire du jeu vidéo, et ce GTA III était une étape obligatoire. Je l'ai terminé il y a quelques jours et j'avais envie de vous partager mon ressenti de personne découvrant le jeu (original, et non pas la Definitive Edition qui vient de sortir à l'heure où j'écris ces lignes) en 2021.

Déjà, peu importe le nombre de défauts, on ne peut pas retirer à ce titre le statut de pionnier de l'open world 3D. Faisant office de premier balbutiement de ce type de jeux, on aura tendance à se montrer plus clément envers ses lacunes.

Le scénario est surtout un prétexte au jeu : Le joueur incarne Claude Speed, un personnage muet trahi lors d'un braquage. Par chance, alors qu'il était transporté vers une prison, le fourgon qui le transportait est attaqué par un groupe d'hommes armés venus enlever un autre prisonnier. Notre personnage en profite pour fuir en compagnie d'un certain 8-Ball, un autre prisonnier qui va lui fournir du travail au sein d'une des nombreuses famille mafieuses de Liberty City. S'ensuivront une série de missions pour rendre service à ces différentes familles entre deux trahisons.
En parcourant le jeu, on peut clairement sentir l'inspiration des plus grandes œuvres du genre (sans en atteindre la profondeur) comme Le Parrain, Casino ou encore Les Affranchis (que l'on retrouve même sur des affiches illustrant le film ""Badfellas"", en clin d'œil à Goodfellas, le titre original du film).

En ce qui concerne le gameplay, j'avais une grande appréhension, mais l'ensemble s'est avéré plutôt correct. Je me suis même surpris à avoir envie d'y jouer quand je n'étais pas chez moi (ce qui est devenu assez rare). Je pense que cela vient de deux éléments : D'une part, GTA III est assez court (environ dix heures, ce qui n'est rien comparé à un San Andreas ou GTA IV) ce qui, malgré des missions répétitives, empêche la lassitude de s'installer. De l'autre, malgré ses vingt ans il reste relativement agréable à jouer ! J'ai bien dit relativement, car dès qu'une séquence de gunfight intervient, c'est plus compliqué. Je n'ai d'ailleurs pas fait l'expérience la plus ""pure"" du titre étant donné que je me suis vu obligé d'utiliser des cheat codes pour réussir certaines missions. Entre la visée qui cible un passant lambda alors que trois ennemis nous tirent dessus juste à côté, la portée de ladite visée qui ne se déclenche qu'à quelques mètres des adversaires et la précision à toute épreuve de ces derniers, il était difficile de prendre du plaisir.

Les combats à mains armées médiocres et nombreux sont heureusement rattrapée par la partie conduite. Même avec l'expérience de conduite sur des jeux plus récents, la prise en main des voitures sur ce GTA III s'est faite sans difficulté. Certes, les voitures de l'époque étaient beaucoup moins résistantes qu'aujourd'hui (de la fumée s'échappe du capot au moindre petit choc). Par contre, les poteaux, ça c'était de la bonne qualité ! Même le plus ridicule d'entre eux réussit à stopper net une camionnette lancée à pleine vitesse... En plus de la faire fumer.
Mais malgré cela, la conduite est globalement fluide et la ville, assez petite, y est pour quelque chose. C'est d'ailleurs un plaisir de traverser Liberty City en écoutant les excellentes chaînes de radios, avec leur pubs parodiques très drôles et leurs musiques variées.
L'attribution des touches (croix pour avancer, carré pour reculer) est archaïque pour un joueur d'aujourd'hui mais fonctionne encore très bien, et l'utilisation des gâchettes pour regarder sur les côtés ou derrière soi est une bonne idée, très utile de surcroît.

Toute l'aventure consistera donc à voler des voitures, tuer des gens ou voler des voitures pour tuer des gens, mais de temps à autre, une mission originale sort du lot. Je pense notamment à celle consistant à amener un flic corrompu à l'aéroport, alors que la CIA surveille le pont qu'il faut normalement traverser, ce qui nous poussera à nous montrer malin dans le choix de l'itinéraire pour arriver à destination. Tout cela pour rendre service à des personnages hauts en couleur pendant une petite dizaine d'heures durant lesquelles on apprend à connaître les lieux pour mieux y circuler. Vous me direz, on y est obligé car il n'y a aucune map pour se repérer dans cet opus.

Certes GTA III a pris quelques rides, mais il reste relativement jouable comparé à d'autres titres de la même époque. N'ayant pas encore eu l'occasion de mettre les mains dessus, je ne saurais dire si la Definitive Edition, qui adopte un gameplay plus moderne, vaut le coup. A moins que vous ne comptiez utiliser des cheat codes, je vous conseillerais tout de même de passer par cette dernière tant les gunfights sont désagréables sur le titre d'origine. Mis à part ce gros point noir, l'expérience fut plaisante et intéressante. Avec GTA III on à affaire à un titre de transition, qui amorce la fameuse ère de la 3D tout en gardant des liens avec les épisodes précédents. J'en veux pour preuve la vue de dessus, qui est un des angles de caméra disponibles, ou encore l'utilisation des cabines téléphoniques pour accéder aux missions secondaires.
En bref, je le conseillerais aux fans de la licence qui voudraient approfondir leurs connaissances ou à ceux qui s'intéressent à l'histoire du jeu vidéo. Pour les autres, privilégiez plutôt les épisodes suivant, qui offrent un bien meilleur gameplay (gunfights et conduite); des protagonistes avec une vraie personnalité (et une voix !), une histoire plus riche (mais plus longue) ainsi que des environnements plus charmants (contrairement à GTA IV, cette Liberty City n'est que très vaguement inspirée de New York).",2021-12-04,75,12,2021,positif
34,34,0.057,0.813,0.131,0.993,Grand Theft Auto III,"Sans aucun doute l'un des meilleur jeu de cette génération. Après les succès des 2 premiers GTA, la franchise de Rockstar va devenir culte et l'une des plus rentables de l'histoire du jeu vidéo en 2001 avec la 3D mis en place, offrant le premier GTA immerseif et des premières référence du genre de l'open world. Mais c'est surtout avec ce GTA 3 que va commencer les plaintes et les procès de par la violence du jeu, de plus que ça sort 2 mois après les attentats du 11 septembre (ce qui a mené à des modifications). Malgré cela, le jeu à connu un immense succès à sa sortie et a commencé l'ascension de la License. Et ce jeu est génial malgré son age.
Le jeu est absolument révolutionnaire au niveau des graphismes, surtout la richesse et la grandeur de la ville de Liberty City à parcourir (surtout que c'est une ville vivante avec des interactions), même si le jeu pique un peu des yeux de nos jours.
Il s'agit également du premier GTA à avoir un véritable scénario avec une narration et des personnages charismatiques en plus des doublages cultes des acteurs. L'intrigue est prenante où on incarne Claude, un voyou qui a été trahi et laissé pour mort par sa petite amie Catalina, qui revient pour se venger et doit travailler pour les différentes mafia et gangs de la ville pour atteindre son but. C'est une bonne histoire simple mais efficace avec une intrigue qui monte en puissance (avec en plus la progression d'île en île au fil du scénario) avec des guerres de gangs, des trahisons, et toute les activités que l'on retrouve dans tout les GTA, sans oublié les références aux films cultes comme Le Parrain ou les Affranchis. Les personnages sont bons avec en tête Claude qui est devenu culte malgré le fait qu'il est muet et que c'est le personnage qui ne fait qu'éxecuter les ordres des autres personnages (avec en plus une histoire d'amour survolée avec Maria, et qui a un impact sur le scénario vu que c'est ce qui provoque la trahison de Salvatore Leone). Sinon, les autres personnages sont très bons et sont devenus cultes (voir certains qui reviennent dans les autres opus PS2), que ce soit Salvatore Leone qui est clairement une référence à Vito Corleone du Parrain, Donald Love...
C'est dans la jouabilité où le jeu fait fort, avec de nombreuses phases de jeu (fusillades, conduire des voitures...), des missions nombreuses (avec en plus de la difficulté progressive avec les missions avec un timer) et toute les phases secondaires à accomplir et que l'on retrouve dans les autres opus PS2 (trouver tous les paquets cachées pour avoir des armes dans la planque, les courses, les cascades uniques, les missions de véhicules de service pour améliorer notre personnage, les missions secondaires...). On bénéficie d'une totale liberté (quitte à foutre le bordel en ville). Après le Gameplay a un peu vielli (et qui a pu être un peu amélioré dans le très controversé Definitive Edition), que ce soit au niveau de cibler les cibles, ou encore l'absence de map sur le menu pause qui nous pousse à connaitre parfaitement la map.
Et la bande originale est excellente, que ce soit la musique du générique, ainsi que la gigantesque bande son de la radio.
Bref ce jeu est culte et malgré son coté vieillot, le jeu reste tout de même plaisant et je continue à en prendre beaucoup de plaisir même aujourd'hui.",2022-11-01,175,11,2022,positif
35,35,0.07,0.855,0.075,0.6351,Grand Theft Auto III,"Le ""GTA-Like"" original, je ne sais pas vraiment à quel degré on peut attribuer toute la recette à cet opus, sachant que perso j'ai à l'époque pas mal joué à Driver 2 (sorti avant), et que moi ce que j'aime dans ces vieux GTA-Like c'est surtout me balader dans la ville en voiture, et pas spécialement utiliser le vieux gameplay de visée à pied.

Donc à part un scénario vraiment pas folichon, qu'a apporté ce GTA III par rapport à Driver 2 ? Ben on passe de la PS1 à la PS2 donc c'est plus joli, la ville est plus vivante, etc... mais personnellement la chose la plus significative que je trouve à dire, c'est plutôt une régression.

Où est la putain de carte ? Tout ce que t'as c'est le petit radar en bas de l'écran. Idée bien sûr pas du tout originale à GTA, mais lorsqu'ils ont copié l'idée, ils ont oublié de copier l'autre moitié de l'idée : celle d'avoir la possibilité de voir la carte en entière, pour savoir où tu vas.

Quand 90% des missions consistent à aller d'un point A à un point B, c'est quand même le minimum, qui a envie de devoir prendre au hasard des routes en espérant qu'elles vont ensuite tourner dans le bon sens ? Pour moi ça gâche pas mal le plaisir. Pourquoi un jeu de Playstation pouvait le faire et pas GTA III sur PS2 ? Même Driver sur la Game Boy Color avait la carte. Il faudra attendre Vice City pour que les développeurs de GTA se rendent compte de leur merde et corrigent la formule.

Du coup je juge surtout le début du jeu, je suis pas allé extrêmement loin. Sinon ben le jeu a quand même des qualités, le gameplay de conduite ""arcade"" est toujours sympa, et c'est quand même relativement fun (sans la map) de se balader dans la ville à fond la caisse, mais voilà j'ai pas eu envie de me taper ça pendant 20h alors que les personnages ne m'inspirent absolument rien et que les musiques encore pire. Donc un jeu ""pilier"" du genre, je vais dire oui, mais un pilier en gruyère.",2017-01-27,241,1,2017,positif
36,36,0.109,0.715,0.176,0.659,Grand Theft Auto III,"Un très bon jeu révolutionnaire pour son époque. Aujourd'hui la jouabilité a très mal vieilli, le scénario n'a aucun intérêt, les libertés sont désuètes, le gameplay est insupportable. Un monument du jeu vidéo qu'il ne convient pas de déterrer de nos jours, contrairement à san andreas.
Les radios sont très agréables.",2017-01-10,243,1,2017,positif
37,37,0.049,0.834,0.118,0.9749,Grand Theft Auto III,"Grand Theft Auto III, ou plus communément appelé GTA III, est un jeu vidéo apparu initialement sur PS2 en 2001. Ce jeu, développé et édité par Rockstar Games, est la suite de la saga éponyme. Contrairement à ses 3 prédécesseurs, GTA III est un monde ouvert en 3D et non en vue de dessus. C'est cet opus qui a rendu la saga aussi célèbre, le passage en 3D de la série a été un réel accélérateur pour la popularité et la renommé de la série.

Si on le compare aujourd'hui au cador GTA San Andreas ou à GTA V, on se rend vite compte qu'il accumulait de nombreux défauts comme sa caméra bien gênante, autant à l'époque qu'aujourd'hui, sa rigidité horrible, l'impossibilité de viser ou sa difficulté assez mal calibrée. Cependant, il partage de nombreux points communs avec ses successeurs tels que sa bande-son, qui est vraiment bonne, sa durée de vie convenable ou encore son histoire, classique mais efficace. Quand aux graphismes, aujourd'hui, ils piquent les yeux (et encore, ça passe) mais pour l'époque, c'était vraiment une bombe.

Donc oui, ce jeu est vieux, oui, il a de nombreux défauts, mais je le vois plus comme une sorte de madeleine de Proust ou comme une sorte d'initiateur de mondes ouverts 3D, car oui, GTA III est un des jeux qui a initié les mondes ouverts en 3D et qui les a démocratisés. Dites-vous que c'est grâce à ce GTA que la série est devenue ce qu'elle est aujourd'hui de part sa popularité et de sa reconnaissance dans le milieu du jeu vidéo.

Je mets à sa version PS2 un 9/10 et à sa version PS4 un 8/10 à cause du prix que Sony lui a attribué.

PS : Les trophées, qui contiennent un trophée Platine, sont assez simples à avoir.",2017-10-15,1300,10,2017,positif
38,38,0.047,0.83,0.123,0.6747,Grand Theft Auto III,"Premier pas de la série en 3D. Je me souviens avoir passé des heures à crapahuter dans la ville, plutôt sombre, à piquer des voitures au gens, à éviter la police… J’ai un peu suivi le scénario, mais sans plus… Cette manière de jouer à évidemment compromis mon intérêt pour les suites de ce jeu… y compris sur la PS3…",2023-09-14,4,9,2023,positif
39,39,0.0,0.926,0.074,0.7304,Grand Theft Auto III,"Dans GTA 3, on n'a pas encore l'occasion d'acheter des propriétés ou de chevaucher les motos. Et ben je m'en tape parce que grâce à GTA 3, j'ai débuté dans la mafia pour emmerder les triades chinoises, je me suis réfugié chez les Yakuzas sur la deuxième île et j'ai atteri sur la troisième pour dégommer les colombiens. Sans oublier que je me suis frotté de temps à autres aux Cubains et aux blacks du ghetto. Tous les gangs possibles et imaginables sont présents. La boucle est bouclée. 10/10",2010-12-21,318,12,2010,positif
40,40,0.047,0.842,0.111,0.6514,Grand Theft Auto III,"Mais quel jeu, mais quel jeu....
J'étais petit, ho oui, très petit, mais ""j'ai kiffé grave sa mère"" comme les jeunes collégiens d'aujourd'hui pourraient dire de GTA IV.

Mon dada c'était de repeindre mes bagnoles en rouge grâce aux civils...
J'ai aussi adoré les bagnoles hyper rapide, mais si peu maniables...

Et au final, j'ai adoré le personnage principal, moins chiant que l'Afro et le Ruskoff des volets suivants...
Bref, j'en garde un superbe souvenir.",2012-05-01,239,5,2012,positif
41,41,0.0,0.599,0.401,0.7182,Grand Theft Auto III,Un passage à la 3D magnifiquement réussi. Un must-have sans aucun doute !,2012-03-31,120,3,2012,positif
42,42,0.192,0.679,0.129,-0.7634,Grand Theft Auto III,"Une fois le jeu terminé, il est temps de vraiment s'amuser! Cherchez ces codes sur Internet : les gens deviennent fou, temps brumeux, tous les civils sont armés! Et là, c'est tout simplement génial! Le but est de rester en vie le plus longtemps! Tout explose de partout, tout le monde s'attaque... Une vraie guerre citadine.",2012-04-11,234,4,2012,negatif
43,43,0.041,0.772,0.186,0.7901,Grand Theft Auto III,"C'est tellement jouissif de comprendre qu'en fait il y a un scénario, une évolution du personnage, un but à accomplir, et de pouvoir amener sa satire du crime partout avec soi sur iOS, même si on a parfois l'impression de piloter une savonette.",2012-01-08,234,1,2012,positif
44,44,0.181,0.748,0.071,-0.5656,Grand Theft Auto III,"RE-VO-LU-TION-NAIRE !
Un seul mot suffit à décrire la phénomène GTA III. Pas la peine d'argumenter, ça serait du temps perdu..!",2011-08-07,63,8,2011,negatif
45,45,0.064,0.876,0.06,0.2665,Grand Theft Auto III,"La saga des GTA marquera à jamais l'histoire des jeux vidéos. Plus que de créer un genre nouveau le troisième épisode de la série fonde un nouveau principe : Celui de la liberté.

Le jeu est structuré très intelligemment , la durée de vie quasi - illimitée est un vrai plus.

Un chef d'oeuvre souvent copié , jamais égalé.",2011-04-12,263,4,2011,positif
46,46,0.037,0.832,0.131,0.7707,Grand Theft Auto III,"Le passage à la 3D a vraiment été bénéfique à la série des GTA. Et c'est avec ce volet que j'ai vraiment accroché. La progression est intelligente avec la ville en trois parties, l'ambiance mafieuse est bonne et toujours la liberté d'action qui fait le succès de GTA.
Je me souvient aussi le temps passé a essayer de faire voler le ""dodo"" à l'aéroport et de traversé jusqu'à l'ile du milieu.",2011-02-27,214,2,2011,positif
47,47,0.0,0.885,0.115,0.3595,Grand Theft Auto III,Une révolution à l'époque. Un jeu prenant avec une liberté totale. GTA3 m'a marqué à jamais,2011-02-18,79,2,2011,positif
48,48,0.31,0.69,0.0,-0.5574,Grand Theft Auto III,Ce jeu a bouleversé le monde du jeu vidéo.,2011-02-05,92,2,2011,negatif
49,49,0.035,0.876,0.089,0.5142,Grand Theft Auto III,"Tout simplement jubilatoire, ce jeu est énorme surtout quand on a joué à celui de PS avant de passer à celui-là, tout de suite, on sent qu'il y a eu un pas de géant entre les deux. Ecraser les gens en écoutant du classique à la radio, du grand art !",2011-01-16,173,1,2011,positif
50,50,0.032,0.887,0.081,0.7539,Grand Theft Auto III,"Tout simplement une révolution pour l'époque.La grosse claque etant la possibilité de faire a peu pres tout ce que l'on n'ose pas faire dans la vraie vie (taper des mamies, shooter des voitures au lance roquette) avec en plus la révolution 3D.Le 2D de Gta 2 etait vraiment insoutennable pour les yeux!
A noter que les radios ont des playlist d'exceptions toutes les chansons resteront gravées dans votre mémoire quel que soit leur style!
Rockstar repose les bases de GTA et relance une franchise qui deviendra culte
P.S: Même si certaines missions se ressemblent le coté culte du jeu surpasse cela! 10 étoiles donc!!!",2010-12-26,336,12,2010,positif
51,51,0.0,0.698,0.302,0.3818,Grand Theft Auto III,Encore un bon jeu pour l'époque.,2010-12-16,85,12,2010,positif
52,52,0.2,0.677,0.123,-0.5707,Grand Theft Auto III,"Une révolution au moment de sa sortie, il mérite 10 mais je lui enlève une pour avoir du attendre Vice City pour profiter des motos.",2010-12-14,89,12,2010,negatif
53,53,0.04,0.858,0.102,0.7608,Grand Theft Auto III,"Que de souvenirs, ce jeu ! Le retour à la planque, une mission terminée, la radio à fond, le soleil se couchant...Quel trip ! Deux ou trois missions m'ont fait m'arracher les cheveux pour les terminer mais que le sentiment de liberté était grand. Quel plaisir de circuler dans la ville pour faire le fou, entre deux missions de la trame principale, Celle-ci terminée, j'y suis revenu souvent aprés, pas pour obtenir les 100 % mais histoire de faire un tour ou deux de la ville, en auto, peinard...",2010-12-04,243,12,2010,positif
54,54,0.014,0.79,0.196,0.9619,Grand Theft Auto III,"Véritable calotte quand j'ai enfin pu essayer ce jeu chez un ami. Ce jeu incarnait à lui seul le mot de ""liberté""... jamais auparavant on avait pu se déplacer aussi librement et expérimenté le moteur physique d'un jeu de la sorte... Par delà l'aspect polémique du titre et le scénario ticket de métro, c'est surtout la mise à disposition du joueur d'un univers ouvert où l'on peut évoluer à sa guise qui m'a marquée...
Le lendemain du teste j'acheté un PS2 avec le jeu...",2010-10-26,242,10,2010,positif
55,55,0.0,1.0,0.0,-0.0377,Grand Theft Auto III,Juste mythique !,2010-10-12,84,10,2010,negatif
56,56,0.0,0.809,0.191,0.795,Grand Theft Auto III,"Une vraie claque en ce qui me concerne. J'ai découvert GTA dans cet épisode, et je ne me remets toujours pas de ce monde ouvert où on fait ce qu'on veut. La liberté !!",2010-10-11,150,10,2010,positif
57,57,0.064,0.816,0.119,0.7843,Grand Theft Auto III,"L'arrivée de GTA en 3D s'est fait de manière fracassante et j'en ai passé des folles heures à ce jeu ! Le scénario était vraiment pas mal et l'expérience unique (surtout qu'à l'époque on n'avait pas la foison de GTA-Like actuels).
Ma note aurait été de 9 en se basant que sur mes souvenirs, mais y avoir rejoué récemment m'a malheureusement fait voir à la baisse cette note car je n'ai su y rejouer plus de 2h tant le jeu a mal vieilli...
Mais l'expérience était unique et merci Rockstar pour ça !",2011-01-05,243,1,2011,positif
58,58,0.059,0.832,0.109,0.7657,Grand Theft Auto III,"En y rejouant 9 ans après, on se rend compte à quel point la série a évolué. Le héros n'a aucune personnalité, aucune ligne de dialogue, la trame scénaristique est générique et il n'y a peu, ou pas, de fil conducteur. Le héros ne peut pas s'éjecter des véhicules, pas de motos, il faut se retaper tout le trajet et toutes les cutscenes ingame si on rate une mission...plein de petits défauts gommés des épisodes suivants, et tant mieux.",2010-09-26,244,9,2010,positif
59,59,0.0,0.754,0.246,0.8161,Grand Theft Auto III,"Que de très bons souvenirs de vacances d'été pendant des années devant ce jeu !

Il m'a marqué à vie :p Mon premier GTA !",2010-09-24,128,9,2010,positif
