,Id,neg,neu,pos,compound,Jeu,Commentaire,Date_commentaire,Nombre_de_fois_critique_lue,Month,Year,Avis
0,0,0.0,0.914,0.086,0.1531,Grand Theft Auto II,"GOURANGA.
Personne n'a jamais su ce que ça voulait dire, mais on savait que c'était cool.",2010-07-19,243,7,2010,positif
1,1,0.067,0.844,0.089,0.9864,Grand Theft Auto II,"Si la série Grand Theft Auto est aujourd'hui une des plus populaires du jeu vidéo, cela ne s'est pas fait en un jour. L'épisode 3 a mis Rockstar sur le devant de la scène, mais comme son nom l'indique, il a eu deux prédécesseurs (et même quatre en fait). Retour en 1997, avec cet instant flashback (95.6, tmtc).
Petite précision : si les deux premiers GTA sont dispos gratuitement sur le site de Rockstar dans leur version PC (un cadeau généreux), je fais cet épisode sur ma PlayStation Mini, simplement parce qu'il faut bien que j'amortisse l'achat de ce bout de plastique.


Auto 32 bi... chevaux


D'ailleurs c'est sur ce point que je vais commencer ma critique : le portage PS1 est éclaté au sol, comme disent les jeunes. On le constate dés le premier écran du jeu, qui nous propose de sélectionner notre personnage : 4 choix seulement, contre 8 sur PC (et une quinzaine sur Game Boy, mais quel taré irait jouer à cette version ?). Toutes les filles jouables sont passées à la trappe, ce qui est tout de même dommage vu qu'elles avaient des designs assez réussis et que c'est encore aujourd'hui le seul GTA à proposer des avatars féminins. Tant pis, j'ai donc fait l'aventure avec le sosie de George Floyd, qui est le seul mec passable.

Plus embêtant : la version PS1 a un framerate INFAME. Quand vous êtes juste en mode piéton ça passe encore, mais montez dans une voiture un minimum rapide et l'image sera ultra-saccadée, rendant la conduite à la limite de l'injouable. On n'est pourtant pas sur un des jeux les plus ambitieux de l'époque et je ne m'attendais pas à du 60fps constant, mais là le jeu n'arrive même pas à tenir 20 ou 30fps stables, c'est ridicule.
Dernier point, le jeu est bourré de bugs. Certains sont peut-être aussi présents sur PC, mais au cours de ma partie j'ai eu droit à un script qui ne se déclenche pas quand je rentre dans un bâtiment, des PNJ qui se cognent contre les murs ou se coincent (rendant les missions d'escorte impossibles), ma voiture qui disparaît de l'écran pendant une demi-seconde, et enfin un écran rouge avec écrit ""CRITICAL ERROR"". Heureusement, les save states de la PS1 Mini m'ont permis de rendre certains de ces bugs inoffensifs, mais je crois que j'aurais joué au frisbee avec le CD si ça m'était arrivé sur du vrai hardware.
Bon, au moins le jeu propose une VF, c'est le seul dans ce cas sur PS1 Mini il me semble.


Auto école


GTA premier du nom propose un gameplay en 2D, limitations techniques de l'époque oblige. J'ai déjà joué à Chinatown Wars (et Retro City Rampage, dans un autre style) donc je suis relativement familier de ce genre de gameplay, pourtant il faut un petit moment pour retrouver ses marques dans GTA1. L'avatar est dirigé en tank-controls, appuyer sur Haut ne le fera donc pas aller vers le haut s'il n'est pas orienté dans cette direction. J'ai pris le coup de main assez vite, mais c'est clair que ce gameplay paraît archaïque aujourd'hui, et surtout inapproprié dans un jeu d'action (je serai toujours un grand défenseur du tank-control dans les vieux Resident Evil).

On retrouve donc notre avatar paumé en plein coeur de Liberty City. Comment est-il arrivé là ? Quelle est sa backstory ? A-t-il un but ? Je ne sais pas, c'est peut-être développé dans le manuel du jeu, mais il faudra faire sans si vous êtes dans mon cas.
Une voix venue de nulle part nous dit de nous rendre vers Southern Park pour recevoir notre première mission via une cabine téléphonique. Alors déjà : vous êtes qui ? Ensuite, si vous pouvez me parler (via une oreillette je suppose), pourquoi vous me cassez les pieds à me faire déplacer jusqu'à Southern Park pour m'appeler au téléphone ?
Et surtout : MAIS PUTAIN C'EST OU SOUTHERN PARK CONNARD, JE VIENS DE COMMENCER !?

Ce qui est assez amusant dans ce jeu en fait, c'est qu'il était fourni avec une carte détaillée à l'époque, ça permettait de compenser l'absence de carte dans le menu. Aujourd'hui tout est trouvable sur Internet, mais forcément c'est relou de devoir passer par un médium extérieur pour simplement voir où se trouve tel quartier ou pour repérer où est le Pay & Spray le plus proche.
Surtout que le jeu ne déconne pas : certaines missions sont chronométrées, et le chrono est souvent assez serré. Si vous ne connaissez pas bien la ville, avoir une carte est obligatoire pour repérer le trajet le plus rapide entre deux points. Ca m'a fait le coup dans la première mission à San Andreas où on me demandait d'aller vite entre des lieux très éloignés d'une ville dont je ne connaissais rien.

Parce que c'est une originalité de GTA1 : on voyage entre différentes villes au cours du jeu. Les trois lieux emblématiques de la série sont là : Liberty City, San Andreas et Vice City. Amusant de voir que ces trois mégalopoles adorées de tous ont été créées en même temps dans le tout premier jeu de la série.
D'ailleurs, si on commence notre aventure à Liberty City, je trouve que c'est le pire choix possible comme ville ""tutoriel"". La ville est composée de 3 ou 4 îles reliées entre elles par des ponts, certains étant détruits, c'est donc très dur de se déplacer rapidement. San Andreas et Vice City sont presque intégralement construites sur une seule zone terrestre, ça aurait été bien plus judicieux de commencer là-bas. Mais peut-être que c'était plus vendeur de mettre la simili-New York d'entrée de jeu, allez savoir.

En tout cas, ça n'aurait pas impacté le scénario du jeu qui est...inexistant en fait. Il est composé de 6 chapitres (2 dans chaque ville) où vous serez aux ordres d'un caïd différent à chaque fois. Aucun n'est particulièrement mémorable, à part El Burro qui a un côté méga-gay assez marquant (il réapparaît dans GTA3 d'ailleurs), et surtout il n'y a aucun lien entre chaque chapitre. On ne sait pas pourquoi on passe d'un camp à l'autre et l'écriture est vraiment plate. A un moment, on assassine le président des USA (aucun GTA n'a été aussi loin) et tout le monde s'en branle, la police ne devient pas plus agressive, ton boss te dit juste ""bravo"", et tu passes à la prochaine mission.
Il y a quelques touches d'humour ici et là, mais pas de quoi sauver le joueur de l'ennui.

Parce que c'est ça le plus triste : on s'emmerde dans ce jeu. Les missions sont presque toutes identiques (aller d'un point A à un point B) et les rares qui tentent de changer la donne échouent lamentablement (j'ai déjà parlé des missions d'escorte, parlons donc des missions de fusillade ultra-laborieuses puisqu'on joue à la croix directionnelle sans possibilité de lock sa cible, qu'est-ce qu'on rigole quand on vide tout un chargeur à côté du mec qu'on veut abattre).
Même la conduite est vraiment naze, problèmes de framerate à part. Le jeu utilise une caméra dynamique qui dézoom si vous allez vite histoire de vous montrer plus de route. Non seulement ça fait mal à la tête, mais en plus ça ne sert à rien vu que les voitures apparaissent trop vite pour qu'on ait le temps de les esquiver. On se mange donc des bagnoles en boucle, en pestant parce qu'on est stoppé dans notre élan toutes les 5 secondes.

Enfin, la structure du jeu pue la merde. Le but au sein de chaque chapitre n'est pas de réussir toutes les missions, non, c'est d'accumuler une certaine somme d'argent. Réussir une mission permet de multiplier l'argent reçu pour chaque action, ce qui est fort pratique.
Le truc c'est qu'on ne peut pas réessayer une mission ratée, sauf que vous avez besoin de ce multiplicateur. L'argent monte trop lentement sans lui, et vous perdez de grosses sommes en allant dans les Pay & Spray.

""Pas grave, me direz-vous, j'ai qu'à sauvegarder avant chaque mission et relancer la sauvegarde en cas d'échec."" Eh non mon bonhomme, ça c'est valable dans GTA3, pas dans le premier. Ici, vous devez réussir vos missions du premier coup, sinon vous pouvez aussi bien éteindre la console et relancer le chapitre, puisque les seuls checkpoints du jeu ont lieu à chaque changement de boss.
Et si accumuler 1 million de dollars se fait en 5 ou 6 missions, il vous en faudra bien une quinzaine pour accumuler les 5 millions nécessaires à la fin du chapitre 6. Autrement dit, hors de question d'éteindre la console pendant 4 ou 5 bonnes heures, et dites adieu à ces heures perdues si vous ratez trop de missions.
D'ailleurs il y a aussi un système de vies dans ce jeu. Si vous mourez 4 fois, vous devrez recommencer le chapitre. Et si la police vous arrête, votre multiplicateur est divisé par 2. Fun, n'est-il pas ?
Inutile de dire que je ne me suis pas fait chier, j'ai joué avec les save states de la PS1 Mini sans aucune once de vergogne, et je recommande cette option à tous ceux qui veulent se lancer dans l'aventure. C'est un système inutilement long et punitif.

Et si j'ai beaucoup mentionné les Pay & Spray dans cette critique, c'est tout simplement parce qu'il s'agit des seuls moyens de faire disparaître votre indice de recherche. Point d'étoile flottante à ramasser dans une ruelle et aucune possibilité de se faire oublier si on ne fait pas d'infraction. Connaître leur emplacement est donc vital pour votre aventure, vous n'avez pas envie de vous faire chopper ni d'être dérangé dans une mission chronométrée. Heureusement les flics sont assez incompétents en voiture, mais à pied il est très difficile de leur échapper si vous ne possédez pas la mitraillette.


Spaghettis auto mates


Je n'ai pas pris beaucoup de plaisir à jouer à ce premier Grand Theft Auto. Il est plaisant de voir l'origine de plusieurs éléments récurrents de la série et le gameplay est plutôt correct, mais l'exécution laisse à désirer. D'ailleurs à la fin, j'en avais tellement marre que j'ai obtenu les 500.000$ qu'il me manquait en volant et en revendant des voitures à la chaîne, c'était moins relou que des missions nulles qui payent mal. Gros climax donc.
Même la bande-son est assez tristounette. Il n'y a qu'une seule radio et j'ai l'impression qu'il n'y avait que 6 ou 7 musiques différentes dessus, du coup ça tourne assez vite en boucle et ça agace. Dommage, j'aime bien la musique country qu'ils ont choisie, ça m'a rappelé la radio de rednecks de San Andreas.

Chinatown Wars est loin d'être mon épisode préféré de la série, mais je le recommande sans problème à ceux qui veulent donner une chance aux GTA 2D. Le premier épisode a presque 25 ans et ça se ressent, malheureusement.
A voir si GTA2 relève le niveau, ou si l'éclair de génie n'a frappé Rockstar qu'à partir du troisième opus.",2021-04-12,218,4,2021,positif
2,2,0.085,0.852,0.063,-0.3632,Grand Theft Auto II,"Simple : ce jeu-là a déterminé qui je suis aujourd'hui. Rien de moins.

Combien de fois n'ai-je pas eu le réflexe mental d'ouvrir la portière d'une caisse et d'éjecter son - désormais - ancien propriétaire comme une merde, de démarrer en trombe - en l'écrasant au passage - et d'écraser une rangée de piétons qui m'empêchaient de passer, quitter la caisse pour un tank et dégager une rue embouteillée en... passant tout simplement sur les voitures ?

Quand je vois des étoiles, mon rythme cardiaque s'accélère s'il y en a plus que trois.",2010-07-25,854,7,2010,negatif
3,3,0.108,0.795,0.097,-0.8045,Grand Theft Auto II,"Je me souviens encore des longues nuits passées sur l'ordinateur portable de mon père à multiplier les points en écrasant des chaînes de piétons, fusillant des hordes de policiers ou exécutant sauvagement des groupes de gangsters...la levée de bouclier de ""familles de France"" à la sortie du soft, bien que ridicule, était bien compréhensible !

Car oui, le premier GTA proposait ni plus ni moins de mettre la ville à feu et à sang et récompensait le joueur pour ses crimes, l'encourageant même à faire preuve du plus grand sadisme ! Graphiquement dépassé aujourd'hui, GTA trouvera rapidement ses limites dans les mains des jeunes joueurs gavés à la console HD. Mais quel plaisir de retrouver avec nostalgie les rues cubiques de Liberty City !

Extrêmement long et plutôt varié, GTA proposait déjà l'essentiel de ce que l'on connait de nos jours dans ses versions modernes. Assassinats, enlèvements et courses-poursuite s'enchaînent à un rythme fou pour une dose maximale de plaisir !

Une pépite du retro-gaming.",2010-09-25,601,9,2010,negatif
4,4,0.064,0.863,0.074,0.8034,Grand Theft Auto II,"Beaucoup d’entre vous connaissent Grand Theft Auto depuis son fulgurant retour sur la Playstation 2, le 3ème épisode sonna un nouveau tournant et un nouveau chapitre pour la saga. Mais avant le 3ème opus il y eut le précurseur, celui qui donna ses lettres de noblesses à la saga, il s’agit du tout premier GTA sorti en 1998 sur la merveilleuse Playstation. Comme Doom en son temps les jeux similaires furent nommé GTA-Like, atypique et sulfureux, ce jeu l’est assurément prenant le parti pris d’incarner un anti-héros et d’oublier les standards de l’époque. Ce jeu posa les fondations que l’on retrouve dans tous les GTA, et du 3 de 2001 au 4 de 2008, rien ne change vraiment au final. Appréciez ce petit retour aux sources et laissez le rétro s’emparer de vous avant la sortie du dernier né Grand Theft Auto 5.

Jeu par excellence antimorale, vous qui rêvez enfin de destruction de carnage comme dans Carmageddon (les courses en moins) ce jeu est fait pour vous! Fini les héros archétypaux à mort, les soldats de l’apocalypse. Ici vous incarnez un malfrat, le crime, le sexe sont maîtres mots. Avec la sortie de GTA un genre nouveau de jeux émergea où tout est permis, libre à vous de faire du mal aux innocents piétons, de voler des voitures, de voir des prostituées faire des actions que vous ne voyez pas dans les autres jeux, bref à vous de faire le bordel le plus total. Pour commencer vous devrez choisir votre perso parmi 4 disponibles, mais je vous rassure, ça change rien à la donne que vous choisissiez un black ou un blanc c’est pareil à l’écran et il n’y a pas de stats pour dire qui vaut mieux que l’autre… Vous êtes donc téléporté sans demi mesure à Liberty City et comme seule interface pour avoir des missions c’est votre beeper qui vous servira de lien avec votre employeur et une simple flèche pour vous indiquer l’itinéraire et c’est tout, minimaliste au plus simple, pas de carte, rien que les indications du beeper et la flèche à suivre, point barre! Autant vous dire que vous allez galérer à trouver vos objectifs et évidemment, une fois votre mission terminée, vous devez aller rendre compte à votre patron mais vous avez que une minuscule minute pour vous rendre à la cabine de téléphone, si vous décoincez pas en deux deux, c’est mission échouée et un message d’insultes! C’est une grosse surprise quand on s’y attend pas et surtout quand votre beeper vous dis qu’il vous reste 18 secondes pour vous y rendre…

Ah ben chez Take 2 la communication c’est leur dada c’est sûr! Ce jeu à l’art de vous dire en somme débrouille toi pour trouver les commandes, les missions alors que la plupart des jeux de cette époque ou même avant ont tous eu des tutos pour comprendre les bases du jeu ; là c’est rien du tout. Après la sélection de votre personnage on vous propulse et vous suivez la flèche, pas terrible comme approche. Les missions ne sont pas très dures et vous progresserez rapidement à condition d’aller vite fait à cette fameuse cabine, même quand vous perdez, une autre mission vous en est proposé, donc en gros vous bloquerez pas 200 ans sur la même mission. D’autres contrats vous seront proposés via le beeper à exécuter plus tard et ainsi vous rendre aux autres villes. Ce jeu, grâce à sa durée de vie conséquente, vous fera passer des heures de fun et de fusillades à gogo.

Bien qu’il soit le créateur de la référence GTA-like et papa d’une longue lignée d’enfants il n’est pas exempt de tout reproche. Je sais que je vais me faire insulter par une communauté pro-GTA, je vous rassure, j’aime cette saga et j’attends avec impatience le 5ème opus mais mon rôle est de rester objectif avant tout et de vous donner un aperçu de cet opus. Alors j’ai pu lire sur la toile de nombreuses critiques positives concernant les graphismes…Je suis au regret de vous dire que déjà le jeu à très mal vieilli et que pour l’époque c’est déjà moyen ; 2 ans auparavant sortait Tomb Raider de bien meilleure facture (übernote : là, mec, tu vas, trop loin! trop loin… Mort à TR!!) et à la même époque sortait Resident Evil 2 c’est pas le même registre certes mais y’ a pas photo sur la qualité. Déjà cette vue du dessus est vraiment dégueulasse car on situe mal l’action, on voit rien du tout et pour couronner le tout des fois y’aura des câbles en haut de l’écran pour vous faire chier, mais bon, c’est qu’un détail. Votre perso est en 2D ainsi que les voitures seuls les bâtiments sont en 3D (de la 3D Roumaine) en revenant sur le perso mal modélisé son animation fait pleurer, pour le diriger c’est la galère : au lieu de le diriger simplement avec le joystick ou la croix directionnelle vous devez au préalable choisir votre direction et appuyer sur la croix pour courir, vachement intuitif….

La ville de Liberty City quant à elle regorge de piétons à écraser pas très intelligents et couards, quand vous leur mettez un punch ils s’en pressent de courir et rare sont ceux qui vous rendent la pareille. Quant aux armes, vous les verrez en icône parce que vous avez beau les avoir en main tout ce que vous verrez c’est votre perso tirant des billes blanches tel un Ryu faisant son Hadoken.

La bande son quasi inexistante propose euh……Un roulement de tambour de temps à autres, quand vous vous baladez en ville, en guise de zic, les passants qui vous insultent quand vous les bousculez, les dialogues sont inexistants et le faible bruit de moteur des Majorettes constitueront la bande son. Bah allez, je suis mauvaise langue, les musiques dans les voitures qui sont la marque de fabrique sont déjà là pour agrémenter vos parcours en voiture ou en moto (Hé ouai y’a les motos dans GTA on s’est fait carotte dans le 3), sans compter que si vous appuyez sur R2 votre personnage devient un mélomane, j’en dis pas plus, testez pour voir. La maniabilité comme vous savez est exécrable mais elle change une fois en voiture : c’est dix fois plus intuitif qu’être à patte surtout quand y a du peuple à buter, pas pratique de cibler tout ce monde. Bon c’est pas un mauvais jeu en soi mais ces détails gâchent le plaisir du jeu. Vous aurez aussi le plaisir de visiter les grandes villes de Liberty City, Vice City et San Andreas et de vaquer à vos occupations, le sentiment de liberté est là malgré les limites techniques de la console, vous pourrez profiter de la ville. L’humour noir de la saga ainsi que son esprit est bien là : à coup sûr, un petit refresh avant la sortie du 5ème opus n’est pas négligeable.

On peut reprocher des tas de choses à cet opus, mais il a eu le mérite de lancer une série devenu légendaire et aussi un genre à part entière. Ce jeu ravira les puristes du genre et les nostalgiques. Quant à ceux qui ont découvert la saga via le 3 je pense que ce retour aux sources ne plaira pas à tout le monde mais je conseil vivement d’y jouer pour se faire une idée ; même s’il a mal vieilli, il reste une légende de la PS1. Je ne conseille pas à ceux qui ne sont pas fans de GTA-like.

-Critique par Yannou",2013-10-07,587,10,2013,positif
5,5,0.091,0.874,0.036,-0.8455,Grand Theft Auto II,"Le (seul) point fort de ce jeu c'est sans doute son originalité. Je ne vois pas beaucoup de jeux avant celui-ci où l'on pouvait voler des caisses, renverser des gens, et se balader dans une grande ville à faire des missions mafieuses. La question est, est-ce qu'on aurait envie de le faire ?

La réponse est... pas avec ce gameplay. Les contrôles à pied sont nuls, en voiture imprécis (et la caméra qui zoom/dézoom trop rapidement également), les missions ont des objectifs plus ou moins funs mais sont essentiellement ""va du point A au point B"" et donc l'essentiel qu'on va faire c'est se servir de ce gameplay de conduite vraiment pas génial.

Les graphismes et la musique ne rattrapent rien, ce n'est ni joli à l'oeil ni à l'oreille, bref le jeu est à peu près jouable et est original, mais passé l'originalité on aura vite fait d'être lassé par son gameplay.",2015-05-29,376,5,2015,negatif
6,6,0.09,0.81,0.1,0.7295,Grand Theft Auto II,"Il faut être masochiste pour jouer à ce jeu.
Tout d'abord, il faut passer outre des graphismes absolument hideux, ignobles, indignes de la Playstation première du nom. Déjà à l'époque ça piquait les yeux, mais alors là, de nos jours...
Ensuite, il faut dompter une jouabilité effroyable, capricieuse, parfois même horripilante.Si l'on vole un bolide, on ne peut même pas profiter de la vitesse offert par celui-ci, car on se prend murs, voitures, petits coins tout mini d'un réverbère, et j'en passe. On meurt souvent bêtement, on se fait attraper par la police parfois bêtement aussi, on peste, on rage. Mais on continue de jouer quand même? Pourquoi? Tout simplement parce que le principe est révolutionnaire, totalement immoral, et le plaisir y est.
Au-delà de cette jouabilité exécrable, de ces graphismes d'un autre âge (même pour l'époque), de ces bugs qui peuvent pourrir le jeu, on a envie de continuer, de découvrir et remplir les missions, de découvrir les villes, ses recoins, ses cachettes, ses bonus, voir ce qui nous est proposé, et avoir un multiplicateur élevé, afin de gagner toujours plus d'argent, pour au moins avoir la satisfaction de faire un gros score.
Lorsque je parle de bug, je ne parle pas de simples petits bugs (on pourrait dire que les graphismes tout entier sont des bugs). Non, je parle de bugs qui peuvent anéantir une mission (un personnage que l'on doit suivre et qui au final tourne en rond, sans raison, rendant la mission impossible à finir), ou alors d'effroyables ralentissements, dès qu'un nombre important de personnages canardent avec leurs mitraillettes, et ce même s'ils ne sont pas à l'écran. C'est le cas lors du chapitre ""Tequila slummer"", dans la ville de San Andreas, lors de la mission où il faut anéantir un dépôt de munitions d'un gang adverse avec de petites voitures télécommandées. Les méchants canardent sans arrêt, même s'ils ne sont pas à l'écran, provoquant de gros ralentissements du jeu. C'est assez agaçant.
Mais le plus gros défaut du jeu, à mon sens, ce qui le plombe vraiment, c'est cette impossibilité de pouvoir recommencer les missions, afin de tenter de les réussir, sans avoir à recommencer le chapitre du début. Car non seulement ce n'est pas si simple, mais en plus on échoue la mission sans raison apparente, sans que l'on comprenne ce qui s'est passé. C'est le plus gros point noir du jeu. Pour découvrir les missions et surtout les remplir, il aurait fallu pouvoir les recommencer autant de fois que l'on veut. Malheureusement, non. Une mission échouée le reste et impossible de la recommencer sans un reset. A cela s'ajoute le fait déplorable qu'il est impossible de sauvegarder en cours de chapitre. Il est également fort regrettable qu'il n'y ai pas une seule cinématique, à part une image figée avec la bouche qui remue un peu pour faire mine que le personnage à l'écran nous parle, pour nous dire des choses d'ailleurs incompréhensibles. Une petite cinématique à chaque fin de chapitre, ça n'aurait pas été de trop. Déjà qu'il n'y a aucune histoire...
J'ai acheté GTA dans un coffret collector comprenant GTA, GTA 2 et missions à Londres, il y a plus de dix ans. Et voilà seulement que je me décide à y jouer sérieusement. Je me souviens de la critique de ""Playstation magasine"" au moment de sa sortie. Une note de 2/10, et une critique massacrante de 10 lignes à peine. J'étais loin de m'imaginer la saga mythique que cela allait devenir, et le succès qu'il allait rencontrer (merci ""Familles de France"" pour la pub).
Immoral à l'extrême, GTA paraît être un jeu bricolé vite fait dans la cave d'un boutonneux. Il n'empêche qu'il pose les bases d'un genre nouveau. La police est notre ennemi juré, on peut tuer tout le monde, mais au prix d'être traqué par les forces de l'ordre, de risquer de se faire attraper, voyant ainsi son multiplicateur divisé par deux, ayant pour conséquence de voir diminuer les points gagnés péniblement. Donc on s'abstient quand même de rouler sur les innocents. La morale est sauf, ouf... (ironique).
Malgré tous ces défauts, on se passionne, on savoure les sensations grisantes offertes par le jeu, et on joue avec plaisir.",2012-04-28,372,4,2012,positif
7,7,0.079,0.819,0.101,0.9207,Grand Theft Auto II,"J'ai un grand attachement envers le premier Grand Theft Auto. Je continue à trouver que c'est le meilleur épisode de la série et je ne comprends pas la condescendance qu'il subit la plupart du temps. En fait ce GTA est un condensé de fun là où les épisodes en trois dimensions sont juste balourds, vulgaires, verbeux et parfois injouables (ça s'améliore un peu à partir du IV mais c'est pas top non plus).

Tout ça était peut-être déjà présent dans ce premier épisode (ou en tout cas le jeu tendait vers cela) mais il n'avait en tout cas pas les moyens de ses ambitions et fatalement il ne pouvait pas se prendre au sérieux et ça fait toute la différence.

Oui c'est vulgaire (mais les dialogues sont anecdotiques et les personnages aucune existence physique, à part trois bouts de pixels), et violent, mais c'est surtout un immense terrain de jeu propice au bordel et au foutoir anarchique totalement décomplexé, avant d'être une critique de quoi que ce soit ou une caricature de truands monomaniaques sortis du premier film de gangster venu.

On est juste là pour s'amuser et le contrat est parfaitement rempli : les sensations de conduite, avec la vue de dessus et cette gestion du zoom, sont assez uniques en leur genre et les courses poursuites avec la police sont dantesques (et beaucoup plus amusantes qu'avec les épisodes en 3D).

Et puis on l'oublie mais ce premier GTA est aussi un fantastique jeu d'exploration qui a fait travailler mon imaginaire de gosse comme jamais. J'essayais de cartographier les moindres recoins de chaque ville pour débusquer chaque caisse d'armes, de bonus ou de kill frenzies (le must : trouver un tank). Ou même un simple spot exotique ou une échelle pour monter sur les toits des bâtiments.

C'était assez fou et paradoxalement je n'ai jamais retrouvé ce plaisir avec les épisodes en 3D (j'avais grandi peut-être) dont les villes m'ont toujours paru sans âme, tel un simple décor vide de sens et d'intérêt. A l'époque le premier GTA me faisait autant rêver qu'Ocarina of Time. Quand même quoi ! C'est pas rien. Et si le côté transgressif jouait indéniablement sur l'attirance que je pouvais éprouver envers GTA (à l'âge que j'avais je n'aurais d'ailleurs jamais dû jouer à ce jeu), il y avait définitivement autre chose, de plus subtil, de magique, que les épisodes suivants (même le 2 qui est tout moche et gris) ont égaré en cours de route.",2017-08-21,241,8,2017,positif
8,8,0.0,1.0,0.0,-0.0377,Grand Theft Auto II,GOURANGA!,2010-12-20,181,12,2010,negatif
9,9,0.062,0.807,0.131,0.9358,Grand Theft Auto II,"Un jeu que j'ai bcp joué d'abord sur PC puis comme mon PC n'était pas assez puissant pour faire tourner ce jeu pas vraiment gourmand c'est dire la faiblesse de mon ordi g continué sur play. J'avais déjà pressenti la capacité de ce jeu et de ce que ça allait devenir. Celui-ci n'était pas aussi populaire que ce que c'est devenu par la suite après le III mais il était déjà quand même assez connu des connaisseurs et des joueurs. On avait déjà été emerveillé par ce nouveau concept de monde ouvert même si c'était pas en 3D c'était tout nouveau pour nous de pouvoir se déplacer comme bon nous semblait dans une ville et de pouvoir choisir de suivre les missions du jeu ou non de se ballader comme ça en mode freestyle, avant ça c'était toujours des jeux linéaire où on n'avait pas vraiment le choix fallait avancer dans la seule direction possible et puis c'était tout. La bande son était énorme et encore une fois une nouveauté d'écouter la radio dans les caisses qu'on carjackait. Ce jeu est tout simplement culte.",2018-11-23,230,11,2018,positif
10,10,0.253,0.6,0.147,-0.5358,Grand Theft Auto II,jamais été fan... tirer sur tout le monde car les missions sont chiantes... ça va 5 minutes !,2014-02-14,51,2,2014,negatif
11,11,0.116,0.693,0.19,0.4574,Grand Theft Auto II,"La fondation du genre : je fais tout ce que je veux dans la ville, mais surtout tuer des civils et des flics avec mon tank. Excellent de chez excellent !",2012-08-17,92,8,2012,positif
12,12,0.078,0.794,0.128,-0.0629,Grand Theft Auto II,"On en a rêvé souvent de ce genre de jeu. Puis quelqu'un l'a fait. Cela a permis à beaucoup d'entre nous de jouer enfin les gangsters. Voler des caisses, suivre des traitres et les éliminer, braquer des banques... etc. Et puis bien sûr passer ses nerfs. Conduire sur les trottoirs sans oublier d'écraser tous les piétons, parcourir les rues en tirant sur tout ce qui bouge, échapper au flics ou les réduire en une flaque de sang. Malgré un niveau graphique médiocre, on ne se lassait pas de ce jeux.",2012-01-22,407,1,2012,negatif
13,13,0.107,0.893,0.0,-0.1129,Grand Theft Auto II,"tous la formule y est, mais sa ne fonctionne pas encore bien !",2011-06-17,127,6,2011,negatif
14,14,0.064,0.898,0.038,-0.7759,Grand Theft Auto II,"C'est mon cousin qui m'a fait découvrir cette ""révolution du jeu vidéo"" (pffffffffff). Voici les quatorze secondes qui suivirent :

- Tiens, vas-y, là c'est pour se déplacer bien sûr, et là c'est pour tirer.
- Ok, et je fais quoi ?
- Ben , tu te balades dans la ville...
- Ouais, et ?
- Ben , je sais pas, tu tires sur les gens, tu voles des voitures, tu fais ce que tu veux.
- Ouais, mais je dois faire quoi ?
- Ben, ce que tu veux...

J'ai fait 4 pas, j'ai tourné la caméra, je suis parti.

Pointless (et je vous parle même pas des graphismes... qui a osé dire que c'était réaliste ?)",2011-04-03,351,4,2011,negatif
15,15,0.092,0.8,0.108,0.4374,Grand Theft Auto II,"Peu de choix d'armes, un choix de camera etrange, des graphismes arc-en-ciel mais du fun a l'etat pur !

Le premier en son genre, ou tout (ou presque) vous etait permis !
Rien que pour s'ecraser une petite ""ligne orange"" j'y rejouerai avec plaisir !",2010-12-29,317,12,2010,positif
16,16,0.03,0.715,0.255,0.8559,Grand Theft Auto II,"Si ça n'était pas le plus beau jeu de l'époque, la liberté d'action était relativement impressionnante et le jeu vraiment amusant. Après c'est clair que ça a pas très bien vieilli, mais quand même !",2010-12-28,457,12,2010,positif
17,17,0.0,1.0,0.0,0.0,Grand Theft Auto II,Le premier de la saga la révolution est en route.,2010-12-16,153,12,2010,neutre
18,18,0.0,0.875,0.125,0.4574,Grand Theft Auto II,"Une vue de haut incompréhensible, une maniabilité qui laisse à désirer, et quand on voit ce que c'est devenu maintenant !",2010-11-11,115,11,2010,positif
19,19,0.048,0.798,0.154,0.9344,Grand Theft Auto II,"Ce premier opus de la longue saga des GTA (paru sur playstation) a été une vraie révélation. C'était la première fois que je jouais à ce genre de jeu. Il est devenu un de mes jeux préférés sur la Playstation 1.

Le scénario m'avait bien plu. Le gameplay du jeu (avec sa vue de dessus) était franchement pas mal à l'époque. C'était assez intiutif. Les missions à accomplir étaient assez variées (j'ai même l'impression que la variété était plus important que dans les opus suivant). Graphiquement, ça a évidemment vieilli. Mais là aussi, je trouvais ça plaisant à l'époque.

Grand Theft Auto est mon jeu préféré dans cette saga car finalement, c'est celui avec lequel j'ai eu le plus de plaisir à jouer. Dommage qu'on perde en plaisir (pour plus de réalisme) dans les derniers épisodes de la saga...",2010-08-07,631,8,2010,positif
20,20,0.0,0.914,0.086,0.1531,Grand Theft Auto II,"GOURANGA.
Personne n'a jamais su ce que ça voulait dire, mais on savait que c'était cool.",2010-07-19,243,7,2010,positif
21,21,0.067,0.844,0.089,0.9864,Grand Theft Auto II,"Si la série Grand Theft Auto est aujourd'hui une des plus populaires du jeu vidéo, cela ne s'est pas fait en un jour. L'épisode 3 a mis Rockstar sur le devant de la scène, mais comme son nom l'indique, il a eu deux prédécesseurs (et même quatre en fait). Retour en 1997, avec cet instant flashback (95.6, tmtc).
Petite précision : si les deux premiers GTA sont dispos gratuitement sur le site de Rockstar dans leur version PC (un cadeau généreux), je fais cet épisode sur ma PlayStation Mini, simplement parce qu'il faut bien que j'amortisse l'achat de ce bout de plastique.


Auto 32 bi... chevaux


D'ailleurs c'est sur ce point que je vais commencer ma critique : le portage PS1 est éclaté au sol, comme disent les jeunes. On le constate dés le premier écran du jeu, qui nous propose de sélectionner notre personnage : 4 choix seulement, contre 8 sur PC (et une quinzaine sur Game Boy, mais quel taré irait jouer à cette version ?). Toutes les filles jouables sont passées à la trappe, ce qui est tout de même dommage vu qu'elles avaient des designs assez réussis et que c'est encore aujourd'hui le seul GTA à proposer des avatars féminins. Tant pis, j'ai donc fait l'aventure avec le sosie de George Floyd, qui est le seul mec passable.

Plus embêtant : la version PS1 a un framerate INFAME. Quand vous êtes juste en mode piéton ça passe encore, mais montez dans une voiture un minimum rapide et l'image sera ultra-saccadée, rendant la conduite à la limite de l'injouable. On n'est pourtant pas sur un des jeux les plus ambitieux de l'époque et je ne m'attendais pas à du 60fps constant, mais là le jeu n'arrive même pas à tenir 20 ou 30fps stables, c'est ridicule.
Dernier point, le jeu est bourré de bugs. Certains sont peut-être aussi présents sur PC, mais au cours de ma partie j'ai eu droit à un script qui ne se déclenche pas quand je rentre dans un bâtiment, des PNJ qui se cognent contre les murs ou se coincent (rendant les missions d'escorte impossibles), ma voiture qui disparaît de l'écran pendant une demi-seconde, et enfin un écran rouge avec écrit ""CRITICAL ERROR"". Heureusement, les save states de la PS1 Mini m'ont permis de rendre certains de ces bugs inoffensifs, mais je crois que j'aurais joué au frisbee avec le CD si ça m'était arrivé sur du vrai hardware.
Bon, au moins le jeu propose une VF, c'est le seul dans ce cas sur PS1 Mini il me semble.


Auto école


GTA premier du nom propose un gameplay en 2D, limitations techniques de l'époque oblige. J'ai déjà joué à Chinatown Wars (et Retro City Rampage, dans un autre style) donc je suis relativement familier de ce genre de gameplay, pourtant il faut un petit moment pour retrouver ses marques dans GTA1. L'avatar est dirigé en tank-controls, appuyer sur Haut ne le fera donc pas aller vers le haut s'il n'est pas orienté dans cette direction. J'ai pris le coup de main assez vite, mais c'est clair que ce gameplay paraît archaïque aujourd'hui, et surtout inapproprié dans un jeu d'action (je serai toujours un grand défenseur du tank-control dans les vieux Resident Evil).

On retrouve donc notre avatar paumé en plein coeur de Liberty City. Comment est-il arrivé là ? Quelle est sa backstory ? A-t-il un but ? Je ne sais pas, c'est peut-être développé dans le manuel du jeu, mais il faudra faire sans si vous êtes dans mon cas.
Une voix venue de nulle part nous dit de nous rendre vers Southern Park pour recevoir notre première mission via une cabine téléphonique. Alors déjà : vous êtes qui ? Ensuite, si vous pouvez me parler (via une oreillette je suppose), pourquoi vous me cassez les pieds à me faire déplacer jusqu'à Southern Park pour m'appeler au téléphone ?
Et surtout : MAIS PUTAIN C'EST OU SOUTHERN PARK CONNARD, JE VIENS DE COMMENCER !?

Ce qui est assez amusant dans ce jeu en fait, c'est qu'il était fourni avec une carte détaillée à l'époque, ça permettait de compenser l'absence de carte dans le menu. Aujourd'hui tout est trouvable sur Internet, mais forcément c'est relou de devoir passer par un médium extérieur pour simplement voir où se trouve tel quartier ou pour repérer où est le Pay & Spray le plus proche.
Surtout que le jeu ne déconne pas : certaines missions sont chronométrées, et le chrono est souvent assez serré. Si vous ne connaissez pas bien la ville, avoir une carte est obligatoire pour repérer le trajet le plus rapide entre deux points. Ca m'a fait le coup dans la première mission à San Andreas où on me demandait d'aller vite entre des lieux très éloignés d'une ville dont je ne connaissais rien.

Parce que c'est une originalité de GTA1 : on voyage entre différentes villes au cours du jeu. Les trois lieux emblématiques de la série sont là : Liberty City, San Andreas et Vice City. Amusant de voir que ces trois mégalopoles adorées de tous ont été créées en même temps dans le tout premier jeu de la série.
D'ailleurs, si on commence notre aventure à Liberty City, je trouve que c'est le pire choix possible comme ville ""tutoriel"". La ville est composée de 3 ou 4 îles reliées entre elles par des ponts, certains étant détruits, c'est donc très dur de se déplacer rapidement. San Andreas et Vice City sont presque intégralement construites sur une seule zone terrestre, ça aurait été bien plus judicieux de commencer là-bas. Mais peut-être que c'était plus vendeur de mettre la simili-New York d'entrée de jeu, allez savoir.

En tout cas, ça n'aurait pas impacté le scénario du jeu qui est...inexistant en fait. Il est composé de 6 chapitres (2 dans chaque ville) où vous serez aux ordres d'un caïd différent à chaque fois. Aucun n'est particulièrement mémorable, à part El Burro qui a un côté méga-gay assez marquant (il réapparaît dans GTA3 d'ailleurs), et surtout il n'y a aucun lien entre chaque chapitre. On ne sait pas pourquoi on passe d'un camp à l'autre et l'écriture est vraiment plate. A un moment, on assassine le président des USA (aucun GTA n'a été aussi loin) et tout le monde s'en branle, la police ne devient pas plus agressive, ton boss te dit juste ""bravo"", et tu passes à la prochaine mission.
Il y a quelques touches d'humour ici et là, mais pas de quoi sauver le joueur de l'ennui.

Parce que c'est ça le plus triste : on s'emmerde dans ce jeu. Les missions sont presque toutes identiques (aller d'un point A à un point B) et les rares qui tentent de changer la donne échouent lamentablement (j'ai déjà parlé des missions d'escorte, parlons donc des missions de fusillade ultra-laborieuses puisqu'on joue à la croix directionnelle sans possibilité de lock sa cible, qu'est-ce qu'on rigole quand on vide tout un chargeur à côté du mec qu'on veut abattre).
Même la conduite est vraiment naze, problèmes de framerate à part. Le jeu utilise une caméra dynamique qui dézoom si vous allez vite histoire de vous montrer plus de route. Non seulement ça fait mal à la tête, mais en plus ça ne sert à rien vu que les voitures apparaissent trop vite pour qu'on ait le temps de les esquiver. On se mange donc des bagnoles en boucle, en pestant parce qu'on est stoppé dans notre élan toutes les 5 secondes.

Enfin, la structure du jeu pue la merde. Le but au sein de chaque chapitre n'est pas de réussir toutes les missions, non, c'est d'accumuler une certaine somme d'argent. Réussir une mission permet de multiplier l'argent reçu pour chaque action, ce qui est fort pratique.
Le truc c'est qu'on ne peut pas réessayer une mission ratée, sauf que vous avez besoin de ce multiplicateur. L'argent monte trop lentement sans lui, et vous perdez de grosses sommes en allant dans les Pay & Spray.

""Pas grave, me direz-vous, j'ai qu'à sauvegarder avant chaque mission et relancer la sauvegarde en cas d'échec."" Eh non mon bonhomme, ça c'est valable dans GTA3, pas dans le premier. Ici, vous devez réussir vos missions du premier coup, sinon vous pouvez aussi bien éteindre la console et relancer le chapitre, puisque les seuls checkpoints du jeu ont lieu à chaque changement de boss.
Et si accumuler 1 million de dollars se fait en 5 ou 6 missions, il vous en faudra bien une quinzaine pour accumuler les 5 millions nécessaires à la fin du chapitre 6. Autrement dit, hors de question d'éteindre la console pendant 4 ou 5 bonnes heures, et dites adieu à ces heures perdues si vous ratez trop de missions.
D'ailleurs il y a aussi un système de vies dans ce jeu. Si vous mourez 4 fois, vous devrez recommencer le chapitre. Et si la police vous arrête, votre multiplicateur est divisé par 2. Fun, n'est-il pas ?
Inutile de dire que je ne me suis pas fait chier, j'ai joué avec les save states de la PS1 Mini sans aucune once de vergogne, et je recommande cette option à tous ceux qui veulent se lancer dans l'aventure. C'est un système inutilement long et punitif.

Et si j'ai beaucoup mentionné les Pay & Spray dans cette critique, c'est tout simplement parce qu'il s'agit des seuls moyens de faire disparaître votre indice de recherche. Point d'étoile flottante à ramasser dans une ruelle et aucune possibilité de se faire oublier si on ne fait pas d'infraction. Connaître leur emplacement est donc vital pour votre aventure, vous n'avez pas envie de vous faire chopper ni d'être dérangé dans une mission chronométrée. Heureusement les flics sont assez incompétents en voiture, mais à pied il est très difficile de leur échapper si vous ne possédez pas la mitraillette.


Spaghettis auto mates


Je n'ai pas pris beaucoup de plaisir à jouer à ce premier Grand Theft Auto. Il est plaisant de voir l'origine de plusieurs éléments récurrents de la série et le gameplay est plutôt correct, mais l'exécution laisse à désirer. D'ailleurs à la fin, j'en avais tellement marre que j'ai obtenu les 500.000$ qu'il me manquait en volant et en revendant des voitures à la chaîne, c'était moins relou que des missions nulles qui payent mal. Gros climax donc.
Même la bande-son est assez tristounette. Il n'y a qu'une seule radio et j'ai l'impression qu'il n'y avait que 6 ou 7 musiques différentes dessus, du coup ça tourne assez vite en boucle et ça agace. Dommage, j'aime bien la musique country qu'ils ont choisie, ça m'a rappelé la radio de rednecks de San Andreas.

Chinatown Wars est loin d'être mon épisode préféré de la série, mais je le recommande sans problème à ceux qui veulent donner une chance aux GTA 2D. Le premier épisode a presque 25 ans et ça se ressent, malheureusement.
A voir si GTA2 relève le niveau, ou si l'éclair de génie n'a frappé Rockstar qu'à partir du troisième opus.",2021-04-12,218,4,2021,positif
22,22,0.085,0.852,0.063,-0.3632,Grand Theft Auto II,"Simple : ce jeu-là a déterminé qui je suis aujourd'hui. Rien de moins.

Combien de fois n'ai-je pas eu le réflexe mental d'ouvrir la portière d'une caisse et d'éjecter son - désormais - ancien propriétaire comme une merde, de démarrer en trombe - en l'écrasant au passage - et d'écraser une rangée de piétons qui m'empêchaient de passer, quitter la caisse pour un tank et dégager une rue embouteillée en... passant tout simplement sur les voitures ?

Quand je vois des étoiles, mon rythme cardiaque s'accélère s'il y en a plus que trois.",2010-07-25,854,7,2010,negatif
23,23,0.108,0.795,0.097,-0.8045,Grand Theft Auto II,"Je me souviens encore des longues nuits passées sur l'ordinateur portable de mon père à multiplier les points en écrasant des chaînes de piétons, fusillant des hordes de policiers ou exécutant sauvagement des groupes de gangsters...la levée de bouclier de ""familles de France"" à la sortie du soft, bien que ridicule, était bien compréhensible !

Car oui, le premier GTA proposait ni plus ni moins de mettre la ville à feu et à sang et récompensait le joueur pour ses crimes, l'encourageant même à faire preuve du plus grand sadisme ! Graphiquement dépassé aujourd'hui, GTA trouvera rapidement ses limites dans les mains des jeunes joueurs gavés à la console HD. Mais quel plaisir de retrouver avec nostalgie les rues cubiques de Liberty City !

Extrêmement long et plutôt varié, GTA proposait déjà l'essentiel de ce que l'on connait de nos jours dans ses versions modernes. Assassinats, enlèvements et courses-poursuite s'enchaînent à un rythme fou pour une dose maximale de plaisir !

Une pépite du retro-gaming.",2010-09-25,601,9,2010,negatif
24,24,0.064,0.863,0.074,0.8034,Grand Theft Auto II,"Beaucoup d’entre vous connaissent Grand Theft Auto depuis son fulgurant retour sur la Playstation 2, le 3ème épisode sonna un nouveau tournant et un nouveau chapitre pour la saga. Mais avant le 3ème opus il y eut le précurseur, celui qui donna ses lettres de noblesses à la saga, il s’agit du tout premier GTA sorti en 1998 sur la merveilleuse Playstation. Comme Doom en son temps les jeux similaires furent nommé GTA-Like, atypique et sulfureux, ce jeu l’est assurément prenant le parti pris d’incarner un anti-héros et d’oublier les standards de l’époque. Ce jeu posa les fondations que l’on retrouve dans tous les GTA, et du 3 de 2001 au 4 de 2008, rien ne change vraiment au final. Appréciez ce petit retour aux sources et laissez le rétro s’emparer de vous avant la sortie du dernier né Grand Theft Auto 5.

Jeu par excellence antimorale, vous qui rêvez enfin de destruction de carnage comme dans Carmageddon (les courses en moins) ce jeu est fait pour vous! Fini les héros archétypaux à mort, les soldats de l’apocalypse. Ici vous incarnez un malfrat, le crime, le sexe sont maîtres mots. Avec la sortie de GTA un genre nouveau de jeux émergea où tout est permis, libre à vous de faire du mal aux innocents piétons, de voler des voitures, de voir des prostituées faire des actions que vous ne voyez pas dans les autres jeux, bref à vous de faire le bordel le plus total. Pour commencer vous devrez choisir votre perso parmi 4 disponibles, mais je vous rassure, ça change rien à la donne que vous choisissiez un black ou un blanc c’est pareil à l’écran et il n’y a pas de stats pour dire qui vaut mieux que l’autre… Vous êtes donc téléporté sans demi mesure à Liberty City et comme seule interface pour avoir des missions c’est votre beeper qui vous servira de lien avec votre employeur et une simple flèche pour vous indiquer l’itinéraire et c’est tout, minimaliste au plus simple, pas de carte, rien que les indications du beeper et la flèche à suivre, point barre! Autant vous dire que vous allez galérer à trouver vos objectifs et évidemment, une fois votre mission terminée, vous devez aller rendre compte à votre patron mais vous avez que une minuscule minute pour vous rendre à la cabine de téléphone, si vous décoincez pas en deux deux, c’est mission échouée et un message d’insultes! C’est une grosse surprise quand on s’y attend pas et surtout quand votre beeper vous dis qu’il vous reste 18 secondes pour vous y rendre…

Ah ben chez Take 2 la communication c’est leur dada c’est sûr! Ce jeu à l’art de vous dire en somme débrouille toi pour trouver les commandes, les missions alors que la plupart des jeux de cette époque ou même avant ont tous eu des tutos pour comprendre les bases du jeu ; là c’est rien du tout. Après la sélection de votre personnage on vous propulse et vous suivez la flèche, pas terrible comme approche. Les missions ne sont pas très dures et vous progresserez rapidement à condition d’aller vite fait à cette fameuse cabine, même quand vous perdez, une autre mission vous en est proposé, donc en gros vous bloquerez pas 200 ans sur la même mission. D’autres contrats vous seront proposés via le beeper à exécuter plus tard et ainsi vous rendre aux autres villes. Ce jeu, grâce à sa durée de vie conséquente, vous fera passer des heures de fun et de fusillades à gogo.

Bien qu’il soit le créateur de la référence GTA-like et papa d’une longue lignée d’enfants il n’est pas exempt de tout reproche. Je sais que je vais me faire insulter par une communauté pro-GTA, je vous rassure, j’aime cette saga et j’attends avec impatience le 5ème opus mais mon rôle est de rester objectif avant tout et de vous donner un aperçu de cet opus. Alors j’ai pu lire sur la toile de nombreuses critiques positives concernant les graphismes…Je suis au regret de vous dire que déjà le jeu à très mal vieilli et que pour l’époque c’est déjà moyen ; 2 ans auparavant sortait Tomb Raider de bien meilleure facture (übernote : là, mec, tu vas, trop loin! trop loin… Mort à TR!!) et à la même époque sortait Resident Evil 2 c’est pas le même registre certes mais y’ a pas photo sur la qualité. Déjà cette vue du dessus est vraiment dégueulasse car on situe mal l’action, on voit rien du tout et pour couronner le tout des fois y’aura des câbles en haut de l’écran pour vous faire chier, mais bon, c’est qu’un détail. Votre perso est en 2D ainsi que les voitures seuls les bâtiments sont en 3D (de la 3D Roumaine) en revenant sur le perso mal modélisé son animation fait pleurer, pour le diriger c’est la galère : au lieu de le diriger simplement avec le joystick ou la croix directionnelle vous devez au préalable choisir votre direction et appuyer sur la croix pour courir, vachement intuitif….

La ville de Liberty City quant à elle regorge de piétons à écraser pas très intelligents et couards, quand vous leur mettez un punch ils s’en pressent de courir et rare sont ceux qui vous rendent la pareille. Quant aux armes, vous les verrez en icône parce que vous avez beau les avoir en main tout ce que vous verrez c’est votre perso tirant des billes blanches tel un Ryu faisant son Hadoken.

La bande son quasi inexistante propose euh……Un roulement de tambour de temps à autres, quand vous vous baladez en ville, en guise de zic, les passants qui vous insultent quand vous les bousculez, les dialogues sont inexistants et le faible bruit de moteur des Majorettes constitueront la bande son. Bah allez, je suis mauvaise langue, les musiques dans les voitures qui sont la marque de fabrique sont déjà là pour agrémenter vos parcours en voiture ou en moto (Hé ouai y’a les motos dans GTA on s’est fait carotte dans le 3), sans compter que si vous appuyez sur R2 votre personnage devient un mélomane, j’en dis pas plus, testez pour voir. La maniabilité comme vous savez est exécrable mais elle change une fois en voiture : c’est dix fois plus intuitif qu’être à patte surtout quand y a du peuple à buter, pas pratique de cibler tout ce monde. Bon c’est pas un mauvais jeu en soi mais ces détails gâchent le plaisir du jeu. Vous aurez aussi le plaisir de visiter les grandes villes de Liberty City, Vice City et San Andreas et de vaquer à vos occupations, le sentiment de liberté est là malgré les limites techniques de la console, vous pourrez profiter de la ville. L’humour noir de la saga ainsi que son esprit est bien là : à coup sûr, un petit refresh avant la sortie du 5ème opus n’est pas négligeable.

On peut reprocher des tas de choses à cet opus, mais il a eu le mérite de lancer une série devenu légendaire et aussi un genre à part entière. Ce jeu ravira les puristes du genre et les nostalgiques. Quant à ceux qui ont découvert la saga via le 3 je pense que ce retour aux sources ne plaira pas à tout le monde mais je conseil vivement d’y jouer pour se faire une idée ; même s’il a mal vieilli, il reste une légende de la PS1. Je ne conseille pas à ceux qui ne sont pas fans de GTA-like.

-Critique par Yannou",2013-10-07,587,10,2013,positif
25,25,0.091,0.874,0.036,-0.8455,Grand Theft Auto II,"Le (seul) point fort de ce jeu c'est sans doute son originalité. Je ne vois pas beaucoup de jeux avant celui-ci où l'on pouvait voler des caisses, renverser des gens, et se balader dans une grande ville à faire des missions mafieuses. La question est, est-ce qu'on aurait envie de le faire ?

La réponse est... pas avec ce gameplay. Les contrôles à pied sont nuls, en voiture imprécis (et la caméra qui zoom/dézoom trop rapidement également), les missions ont des objectifs plus ou moins funs mais sont essentiellement ""va du point A au point B"" et donc l'essentiel qu'on va faire c'est se servir de ce gameplay de conduite vraiment pas génial.

Les graphismes et la musique ne rattrapent rien, ce n'est ni joli à l'oeil ni à l'oreille, bref le jeu est à peu près jouable et est original, mais passé l'originalité on aura vite fait d'être lassé par son gameplay.",2015-05-29,376,5,2015,negatif
26,26,0.09,0.81,0.1,0.7295,Grand Theft Auto II,"Il faut être masochiste pour jouer à ce jeu.
Tout d'abord, il faut passer outre des graphismes absolument hideux, ignobles, indignes de la Playstation première du nom. Déjà à l'époque ça piquait les yeux, mais alors là, de nos jours...
Ensuite, il faut dompter une jouabilité effroyable, capricieuse, parfois même horripilante.Si l'on vole un bolide, on ne peut même pas profiter de la vitesse offert par celui-ci, car on se prend murs, voitures, petits coins tout mini d'un réverbère, et j'en passe. On meurt souvent bêtement, on se fait attraper par la police parfois bêtement aussi, on peste, on rage. Mais on continue de jouer quand même? Pourquoi? Tout simplement parce que le principe est révolutionnaire, totalement immoral, et le plaisir y est.
Au-delà de cette jouabilité exécrable, de ces graphismes d'un autre âge (même pour l'époque), de ces bugs qui peuvent pourrir le jeu, on a envie de continuer, de découvrir et remplir les missions, de découvrir les villes, ses recoins, ses cachettes, ses bonus, voir ce qui nous est proposé, et avoir un multiplicateur élevé, afin de gagner toujours plus d'argent, pour au moins avoir la satisfaction de faire un gros score.
Lorsque je parle de bug, je ne parle pas de simples petits bugs (on pourrait dire que les graphismes tout entier sont des bugs). Non, je parle de bugs qui peuvent anéantir une mission (un personnage que l'on doit suivre et qui au final tourne en rond, sans raison, rendant la mission impossible à finir), ou alors d'effroyables ralentissements, dès qu'un nombre important de personnages canardent avec leurs mitraillettes, et ce même s'ils ne sont pas à l'écran. C'est le cas lors du chapitre ""Tequila slummer"", dans la ville de San Andreas, lors de la mission où il faut anéantir un dépôt de munitions d'un gang adverse avec de petites voitures télécommandées. Les méchants canardent sans arrêt, même s'ils ne sont pas à l'écran, provoquant de gros ralentissements du jeu. C'est assez agaçant.
Mais le plus gros défaut du jeu, à mon sens, ce qui le plombe vraiment, c'est cette impossibilité de pouvoir recommencer les missions, afin de tenter de les réussir, sans avoir à recommencer le chapitre du début. Car non seulement ce n'est pas si simple, mais en plus on échoue la mission sans raison apparente, sans que l'on comprenne ce qui s'est passé. C'est le plus gros point noir du jeu. Pour découvrir les missions et surtout les remplir, il aurait fallu pouvoir les recommencer autant de fois que l'on veut. Malheureusement, non. Une mission échouée le reste et impossible de la recommencer sans un reset. A cela s'ajoute le fait déplorable qu'il est impossible de sauvegarder en cours de chapitre. Il est également fort regrettable qu'il n'y ai pas une seule cinématique, à part une image figée avec la bouche qui remue un peu pour faire mine que le personnage à l'écran nous parle, pour nous dire des choses d'ailleurs incompréhensibles. Une petite cinématique à chaque fin de chapitre, ça n'aurait pas été de trop. Déjà qu'il n'y a aucune histoire...
J'ai acheté GTA dans un coffret collector comprenant GTA, GTA 2 et missions à Londres, il y a plus de dix ans. Et voilà seulement que je me décide à y jouer sérieusement. Je me souviens de la critique de ""Playstation magasine"" au moment de sa sortie. Une note de 2/10, et une critique massacrante de 10 lignes à peine. J'étais loin de m'imaginer la saga mythique que cela allait devenir, et le succès qu'il allait rencontrer (merci ""Familles de France"" pour la pub).
Immoral à l'extrême, GTA paraît être un jeu bricolé vite fait dans la cave d'un boutonneux. Il n'empêche qu'il pose les bases d'un genre nouveau. La police est notre ennemi juré, on peut tuer tout le monde, mais au prix d'être traqué par les forces de l'ordre, de risquer de se faire attraper, voyant ainsi son multiplicateur divisé par deux, ayant pour conséquence de voir diminuer les points gagnés péniblement. Donc on s'abstient quand même de rouler sur les innocents. La morale est sauf, ouf... (ironique).
Malgré tous ces défauts, on se passionne, on savoure les sensations grisantes offertes par le jeu, et on joue avec plaisir.",2012-04-28,372,4,2012,positif
27,27,0.079,0.819,0.101,0.9207,Grand Theft Auto II,"J'ai un grand attachement envers le premier Grand Theft Auto. Je continue à trouver que c'est le meilleur épisode de la série et je ne comprends pas la condescendance qu'il subit la plupart du temps. En fait ce GTA est un condensé de fun là où les épisodes en trois dimensions sont juste balourds, vulgaires, verbeux et parfois injouables (ça s'améliore un peu à partir du IV mais c'est pas top non plus).

Tout ça était peut-être déjà présent dans ce premier épisode (ou en tout cas le jeu tendait vers cela) mais il n'avait en tout cas pas les moyens de ses ambitions et fatalement il ne pouvait pas se prendre au sérieux et ça fait toute la différence.

Oui c'est vulgaire (mais les dialogues sont anecdotiques et les personnages aucune existence physique, à part trois bouts de pixels), et violent, mais c'est surtout un immense terrain de jeu propice au bordel et au foutoir anarchique totalement décomplexé, avant d'être une critique de quoi que ce soit ou une caricature de truands monomaniaques sortis du premier film de gangster venu.

On est juste là pour s'amuser et le contrat est parfaitement rempli : les sensations de conduite, avec la vue de dessus et cette gestion du zoom, sont assez uniques en leur genre et les courses poursuites avec la police sont dantesques (et beaucoup plus amusantes qu'avec les épisodes en 3D).

Et puis on l'oublie mais ce premier GTA est aussi un fantastique jeu d'exploration qui a fait travailler mon imaginaire de gosse comme jamais. J'essayais de cartographier les moindres recoins de chaque ville pour débusquer chaque caisse d'armes, de bonus ou de kill frenzies (le must : trouver un tank). Ou même un simple spot exotique ou une échelle pour monter sur les toits des bâtiments.

C'était assez fou et paradoxalement je n'ai jamais retrouvé ce plaisir avec les épisodes en 3D (j'avais grandi peut-être) dont les villes m'ont toujours paru sans âme, tel un simple décor vide de sens et d'intérêt. A l'époque le premier GTA me faisait autant rêver qu'Ocarina of Time. Quand même quoi ! C'est pas rien. Et si le côté transgressif jouait indéniablement sur l'attirance que je pouvais éprouver envers GTA (à l'âge que j'avais je n'aurais d'ailleurs jamais dû jouer à ce jeu), il y avait définitivement autre chose, de plus subtil, de magique, que les épisodes suivants (même le 2 qui est tout moche et gris) ont égaré en cours de route.",2017-08-21,241,8,2017,positif
28,28,0.0,1.0,0.0,-0.0377,Grand Theft Auto II,GOURANGA!,2010-12-20,181,12,2010,negatif
29,29,0.062,0.807,0.131,0.9358,Grand Theft Auto II,"Un jeu que j'ai bcp joué d'abord sur PC puis comme mon PC n'était pas assez puissant pour faire tourner ce jeu pas vraiment gourmand c'est dire la faiblesse de mon ordi g continué sur play. J'avais déjà pressenti la capacité de ce jeu et de ce que ça allait devenir. Celui-ci n'était pas aussi populaire que ce que c'est devenu par la suite après le III mais il était déjà quand même assez connu des connaisseurs et des joueurs. On avait déjà été emerveillé par ce nouveau concept de monde ouvert même si c'était pas en 3D c'était tout nouveau pour nous de pouvoir se déplacer comme bon nous semblait dans une ville et de pouvoir choisir de suivre les missions du jeu ou non de se ballader comme ça en mode freestyle, avant ça c'était toujours des jeux linéaire où on n'avait pas vraiment le choix fallait avancer dans la seule direction possible et puis c'était tout. La bande son était énorme et encore une fois une nouveauté d'écouter la radio dans les caisses qu'on carjackait. Ce jeu est tout simplement culte.",2018-11-23,230,11,2018,positif
