,Id,neg,neu,pos,compound,Jeu,Commentaire,Date_commentaire,Nombre_de_fois_critique_lue,Month,Year,Avis
0,0,0.058,0.881,0.062,-0.6072,Grand Theft Auto II,"Les GTA en 3D ça m'ennuie. On s'en tamponne du réalisme graphique. Oh oui, la vue surplombante en 2D, pour se balader dans la ville, c'est bon coco.

De gore, pas besoin. GTA, c'est rigolo en mission, à pied, au volant ou avec les SWAT, qui suppléent les flics quand t'en as buté une centaine (à la louche). Tu verras ce que c'est de braquer un tank et d'être le King of the World du quartier au chaud dans l'habitacle.

Pas besoin de filles de joie virtuelles, tu peux loufer et éructer à volonté.",2011-12-15,738,12,2011,negatif
1,1,0.072,0.824,0.105,0.9931,Grand Theft Auto II,"Deux ans (et autant d'extensions) après avoir secoué le monde vidéoludique, les sales gosses de Rockstar récidivent et livrent Grand Theft Auto 2. Toujours en 2D, ce jeu réussit-il à gommer les défauts du premier volet pour proposer une expérience plaisante au public de 2021 ?
Pour ma part c'est un grand oui. GTA2 est supérieur à son prédécesseur sur quasiment tous les points, renvoyant l'opus fondateur au statut de brouillon (j’ai la vague impression de me répéter).

Première avancée : il y a enfin une fonction de sauvegarde dans ce jeu, on peut donc enfin jouer sans avoir à planifier une partie de 5 ou 6 heures d'affilée. Bienvenue en 1999.
Notez que cette sauvegarde est un petit peu moins pratique que dans les jeux futurs : le joueur ne peut sauvegarder qu'à un seul point de la carte et il faut impérativement débourser 50.000$ à chaque fois, ce qui signifie qu'il faudra réussir deux missions d'affilée avant de sauvegarder pour la première fois. C'est un peu cruel, mais heureusement la courbe de difficulté a été considérablement améliorée par rapport au premier jeu. Et une fois qu'on a un bon pactole en poche, cette contrainte devient une formalité.
On peut également échapper à la police en faisant profil bas pendant quelques instants, ce qui vous fera faire des économies de Pay & Spray. Dommage qu'un quart des voitures dans ce monde appartienne à la police, ça enclenche souvent des poursuites et ça peut gâcher vos missions.
Autre amélioration : notre personnage n'est plus un putain de phasme qui meurt dés qu'il se prend une balle puisqu'il a désormais 5 points de vie et qu'on peut ramasser des gilets pare-balles. Les fusillades sont donc considérablement plus permissives, même si les flics peuvent toujours vous coffrer en un temps un record.

Le jeu reprend la structure du premier opus : peu importe les missions qu'on réussit, l'important est de réunir une certaine somme d'argent pour progresser. Si les missions et les gangs sont plus marquants qu'en 1997, le scénario n'est pas radicalement plus intéressant puisqu'on passe d'un quartier à l'autre sans transition satisfaisante (sauf si vous vous faites chier à finir les 21 missions ""classiques"" pour débloquer la 22ème mission bonus, chose que je n'ai pas faite parce que j'étais arrivé au bout de ma réserve de Lexomil).
Malheureusement, GTA2 hérite aussi du système de vies et de combos, ce qui rend chaque mort ou arrestation extrêmement punitive, même si la possibilité de pouvoir sauvegarder atténue le problème. C'est donc GTA3 qui a abandonné ce système frustrant, une raison de plus de l'aimer !

Comme le premier jeu, GTA2 est divisé en trois zones, et cette fois-ci trois gangs s’y affrontent. Chaque gang vous proposera 7 missions, sachant que les missions deviennent de plus en plus dures si vous avez un haut niveau de respect auprès du chef de chaque clan (vous êtes amené à changer régulièrement vos alliances, on se demande donc pourquoi les parrains continuent de vous faire confiance alors que vous avez fait un massacre dans leurs rangs 20 minutes plus tôt). Ca offre une certaine liberté d'action et surtout on identifie vite quelles missions risquent de poser problème, chose qui manquait cruellement à GTA1.
Par contre, si les missions de la première zone sont très simples (d'autant qu'on a juste besoin d'un million de dollars, donc on ne s'y éternise pas), les missions des autres zones ne déconnent pas du tout. Les missions deviennent soit très longues soit très dures, il faut vraiment s'accrocher pour en voir le bout.

Cela dit, elles sont satisfaisantes à mener parce que les tâches demandées sont plus originales que dans le 1. Finies les missions un peu nazes où on se contente de conduire d'un point A à un point B, maintenant on détruit des tanks en pleine rue, on envoie les passagers d'un bus dans une usine de hot-dogs (pas pour y travailler) et on défonce le mur d'un gang avec une limousine pour y faire un carnage. Rockstar joue à fond la carte de la surenchère et ça marche ! A ce propos, le fait que le point de sauvegarde soit représenté par un prêtre qui te donne sa bénédiction alors que tu viens de massacrer des dizaines de personnes est d'un cynisme délicieux.
L'absence d'une carte in-game se fait moins ressentir que dans GTA1 puisque quasiment aucune mission n'est chronométrée. On peut donc se perdre dans les quartiers sans être puni, et au final on finit par bien mémoriser la zone de jeu.
Les combats à pied ont aussi été améliorés, on a beaucoup plus d'armes à disposition. Le lance-flamme est jouissif à utiliser, les molotovs sont cruciaux dans de nombreuses missions et on note même l'apparition d'une espèce de super taser, permettant de toucher plusieurs cibles à la fois.

Parce que c'est l'originalité de ce GTA2, c'est le seul jeu de la série à avoir lieu dans le futur ! Un futur assez réaliste (point de voitures volantes ou de téléportation), mais un futur dystopique où les gangs contrôlent tout et où chaque ruelle est super crade. On trouve tout de même des gadgets amusants à équiper sur sa voiture, comme une mitraillette sur le toit, des mines ou des flaques d'huile à la James Bond. Rockstar aurait pu se lâcher un peu plus et proposer plus d'armes délirantes ou une esthétique plus futuriste, mais le fait que ce concept n'ait jamais été repris fait de ce GTA2 un opus unique dans la série, d'autant plus que la ville qu'on explore n'est ni Liberty City, ni San Andreas, ni Vice City.
D'ailleurs cette ville joue énormément avec les hauteurs en proposant des rampes pour faire des cascades mais aussi des escaliers pour accéder aux toits ou des mini-phases de plate-forme (le héros peut enfin sauter), c'est chouette de voir que les développeurs ont expérimenté avec la troisième dimension dés ce deuxième épisode, ça a permis une transition fluide lors du passage à la full 3D en 2001.

Je pense que le seul défaut de cet opus se trouve dans sa bande-son, qui ne contient absolument aucun morceau un peu entraînant. Vers la fin, ça me faisait tellement chier que je coupais le son de mon PC et je mettais des podcasts en arrière-plan.
Et si je ne peux pas juger de l'amélioration graphique du jeu par rapport au 1 sur PC, je peux tout de même le comparer au portage PS1. Et nom de Dieu, que ça fait plaisir de voir un jeu fluide et avec pas mal de petits effets graphiques (l'argent que tu touches à chaque fois que tu commets un méfait qui apparaît au-dessus de ta cible, c'est incroyablement satisfaisant !). Même au niveau du gameplay, je trouve la conduite plus fluide et précise que dans l'opus fondateur.
Par contre on ne peut plus mettre sa partie en pause, donc éteignez votre téléphone, fermez votre porte à clé et remplissez la gamelle du chien (ou de votre femme) avant de commencer une mission, histoire d’être sûr que vous ne soyez pas dérangés.

En bref, je trouve que ce GTA2 a plutôt bien vieilli et est encore fun et jouable en 2021, deux qualités que je n’accorde pas à son prédécesseur. Dans le petit monde des GTA 2D, je trouve que Chinatown Wars est toujours le plus accessible en terme de gameplay et de narration, mais ce deuxième épisode est un choix intéressant pour ceux qui voudraient s’essayer à un opus plus rétro.",2021-04-20,179,4,2021,positif
2,2,0.0,0.803,0.197,0.6597,Grand Theft Auto II,"Super jeu comme le premier, encore mieux même car ils ont amélioré les graphismes, les effets de couleurs, les possibilités, plusieurs gangs et mafias.",2019-01-27,70,1,2019,positif
3,3,0.125,0.755,0.12,0.4331,Grand Theft Auto II,"Peu de personne vous diront que les meilleurs GTA sont en 2D, et pourtant, c'est bel et bien ce que je voudrais vous dire. Pourquoi faire compliqué quand on peut faire simple ? GTA en 2D, c'est du bordel, du fun, et du gros bordel. Et c'était déjà, à l'époque, très bon malgré des défauts certains dans sa jouabilité et ses graphismes.",2011-12-30,404,12,2011,positif
4,4,0.085,0.753,0.161,0.8904,Grand Theft Auto II,"Pour moi, le meilleur des GTA. Divisé en 3 villes + les niveaux bonus (si assez de badge GTA ont été trouvé), Ajouté à ça les parties en réseaux, ce jeux comporte d'innombrable heures de jeu.

Le problème c'est qu'à chaque début de ville, on repart de zéro. Et que les niveaux en réseau sont trop petit, mais les modes sont excellent, par exemple il y a un mode ""survival"" : un joueur à le truc et ne peux pas avoir d'arme tandis que les autres joueurs doivent le tuer pour choper le truc, le gagnant de la partie est celui qui a eu le truc le plus longtemps, on joue au loup violemment quoi !",2010-11-18,506,11,2010,positif
5,5,0.1,0.844,0.056,-0.6544,Grand Theft Auto II,"Alors oui, jouer a gta 2 en 2023 ça pique à plusieurs niveau. Mais c'est la genèse, le graal, le jeu qui a tout révolutionné pour moi. Gta 1 étant particulièrement injouable à mes yeux, tout a vraiment commencé avec cet opus. Le ton, la DA, la liberté d'action dingue, la vue du dessus font la recette de cette oeuvre. J'arrive pas à savoir si l'absence de map est mal ou pas finalement, mais il y a quand même quelques passages frustrant dans ce jeu, tout n'est pas rose évidemment.
Mais il tout changé pour moi. J'ai quasiment trouvé le 3 fade à sa sortie (bon jsuis pas visionnaire non plus !)",2023-06-30,13,6,2023,negatif
6,6,0.045,0.863,0.093,0.577,Grand Theft Auto II,"gta2 !!! lol
c'est sûr que si on comparaît avec ce qui se fait à présent,c'est juste une immonderie immonde :-)

mais à l'époque c'était pas mal,encore un peu précurseur car il n'y avait pas grand monde encore sur ce genre de jeu.
le grand inconvénient,le grand défaut de ce titre tenais à sa vue au-dessus,qui gâchait énormément l'immersion de jeu,mais encore une fois à cette époque il n'y avait encore pas (ou peu??), de jeu ayant une vue à la 3ème personne.",2016-02-19,179,2,2016,positif
7,7,0.064,0.829,0.107,0.9754,Grand Theft Auto II,"... Les GTA n'ont fait qu'évoluer vers le meilleur, et même si les ingrédients de base qui font le sel de la série se retrouvent déjà dans GTA 2 il est objectivement en dessous de ses suites, et c'est ce que l'on devrait attendre de toute suite, n'est-ce pas, qu'elle dépasse au moins techniquement ses prédécesseurs !
Je veux bien entendre que cet opus a un charme particulier mais de là à créer un sorte de consensus autours du fait que la 3D a tué GTA, il faut quand même pas pousser. GTA était FAIT pour être en 3D. Et... ce n'est pas le seul truc - bref - Pourquoi GTA 2 est-il moins bon que GTA 3 / ses suites ?

Parlons de caméra. Ce qui distingue une génération de GTA de l'autre, c'est son placement ; héritage de Motor Massacre ou autre, peut-être, limitation technique, peut-être davantage, toujours est-il que la vue de dessus impose une certaine distance - l'implication du joueur dans l'action à l'instar de celle de l'enfant jouant avec des Majorettes, en est réduite. Cela POURRAIT ne pas être vu comme un problème si seulement il n'en posait pas un autre - en terme de Gameplay.
En effet, et cela devrait aller sans dire, on ne voit pas devant soi ; alors que le but du jeu est majoritairement de piloter VITE un véhicule dans un environnement urbain complexe… Inévitablement on se plante tous les 50 mètres et le plaisir de nos pérégrinations en est considérablement amoindri. L'utilisation (impossible à moins de connaitre les cartes par cœur) des véhicules les plus rapides engendre même une certaine frustration, le ""putain d'camion"", et autres obstacles que l'on éviterait normalement avec aisance se révèlent être ici caprices d'une RNG aux allures de punition divine.
Ça et le fait que piloter un véhicule/personnage vu de dessus est naturellement contre-intuitif, tend à laisser penser que la caméra trouve une meilleure place dans un opus en 3D, beaucoup plus""affordant"" du coup, que ses prédécesseurs. Encore faut-il le dire.

En matière de narration et donc d'implication, ce qui se réduisait littéralement à des babillages téléphoniques dans GTA, GTA 2, GTA LONDON, ouvrant vers des missions pour le moins anecdotiques a lui aussi évolué selon moi vers un mieux considérable et nourrit de références aux films de gangsters américains - pour devenir, et c'est ce qui fait l'une des forces de la série actuellement, une critique efficace bien que caricaturale de cette même culture… Et si je suis un fervent défenseur de la narration par le Gameplay, il faut bien admettre que les moyens considérables investis dans la production d'un GTA aujourd'hui font complètement le taf, donnant vie à des galeries de personnages et à un environnement crédible.

Il est heureux que le multijoueur se soit axé lui aussi sur le coté ""sandbox"" des GTA plutôt que sur des pseudos objectifs à la GTA 2, à l’intérêt très dispensable.

Inutile de faire une liste exhaustive de ce qu'il y a qu'il n'y avait pas, de ce qui a été corrigé, de ce qui a évolué tant cela parait vain face à l'absence de contre-argumentation - mon propos est globalement limpide : Si il est indéniable que GTA 2 mérite tout à fait d'être joué/rejoué et qu'il a conservé une difficulté qui saura ravir les joueurs les plus aguerris, en plus d'un certain cachet, il n'est pas moins vrai qu'il est objectivement moins bon que ses suites. Et c'est drôlement tant mieux.",2015-09-11,677,9,2015,positif
8,8,0.0,0.682,0.318,0.7897,Grand Theft Auto II,Jeu excellent mais redondant avec le 1er opus. Missions barées et sadiques au possible. Très drôle !,2012-08-17,79,8,2012,positif
9,9,0.052,0.666,0.283,0.9607,Grand Theft Auto II,"Le meilleur de la série.
Du fun, du fun et encore du fun et encore plus de fun !
Des niveaux détaillés, des clans plus déglingués les uns que les autres qui vous demandent d'accomplir les actes les plus criminels.
Un mode de jeu en réseau pour faire perdurer le plaisir entre amis...
Rien à dire, Rockstar a fait de ce jeu un hit incontournable.",2011-06-06,439,6,2011,positif
10,10,0.0,0.435,0.565,0.3818,Grand Theft Auto II,Un bon jeu.,2010-12-16,160,12,2010,positif
11,11,0.066,0.818,0.116,0.4715,Grand Theft Auto II,"Le truc bien avec les premiers GTA en 2D, c'est qu'ils vieillissent moins que la 3D (pour moi du moins). J'arrive donc à y revenir avec qu'un GTA 3 c'est pas trop possible...

Sinon c'était une expérience énorme et violente qui m'a énormément plu.",2011-01-09,400,1,2011,positif
