,Id,neg,neu,pos,compound,Jeu,Commentaire,Date_commentaire,Nombre_de_fois_critique_lue,Month,Year,Avis
0,0,0.067,0.818,0.115,0.9961,Grand Theft Auto : San Andreas,"Cette critique va être un peu particulière car avant de me faire fusiller, je tiens à dire que j'ai aimé GTA San Andreas à l'époque de sa sortie. Encore aujourd'hui il fait figure de mon épisode préféré de la trilogie PS2/XBOX (GTA Triple Pack, pour les fans qui le possèdent, big up à vous).

J'y ai passé des heures de jeu inoubliables. J'ai pas compté et je ne me souviens plus du temps inscrit dans le menu des statistiques mais ça doit probablement dépasser la centaine d'heures de jeu. En tout cas, incontestablement un des jeux sur lesquels j'ai passé le plus de temps. Mais franchement en y rejouant ça a été la douche froide, si je pouvais fermer les yeux sur de nombreux défauts à l'époque (car ils étaient déjà visibles et le jeu était bien trop ambitieux pour cette génération de consoles...)
En 2013, c'est vraiment pas possible de faire fi sur certains détails. Je vais revenir sur ces personnes qui se permettent de dire que GTA San Andreas est bien supérieur a son successeur GTA IV.

Soit. Chacun ses goûts. J'ai juste une question a leur poser :

""Chers amis, est-ce que vous avez déjà essayé de remettre le jeu dans votre console pour y rejouer sérieusement plus de deux heures?""

Parce que selon moi s'il y a un bel exemple du jeu qui souffre de sublimation grâce à la nostalgie, c'est bien celui-là. Visuellement sur XBOX, ça passe encore. C'est pas le plus beau jeu de la console mais pour un jeu de cette envergure, ça ne picote pas trop les yeux comparé à la version PS2, surtout pas celle-là. Il y a un effet de flou permanent à l'horizon, les immeubles qui apparaissent d'un coup, les villes sont toutes vides hormis deux ou trois PNJ qui trainent sur le trottoir, ça n'a plus aucune vie du tout. Si on a de la chance on fait bien de ne pas tomber sur des passants qui ne sont pas identiques. Et je vous en prie, n'essayez même pas de faire du parachute ou du Jet-Pack, les larmes vont commencer a couler tout seul avec tout ce brouillard.

L'ambiance est juste renforcée par les musiques que l'on écoute lorsqu'on est en voiture mais aussi parce qu'il est facile de reconnaître certains endroits qui nous rappellent ces films qui traitent des ghettos de la West Coast tels que Menace II Society ou Boyz N the Hood.

Malgré ça, je ne me sens pas immergé dans une ville virtuelle et même en rejouant a un jeu comme The Getaway, malgré son gameplay encore plus défaillant, j'y crois toujours. Je SUIS à Londres. La modélisation est toujours aussi exceptionelle.

Mais ça, c'est pas le pire. Ce que je ne supporte plus à présent, c'est le gameplay.
Les phases de conduite en voiture restent agréables, ainsi qu'à pied tout se passe correctement. Mais les gunfights sans possibilité de se couvrir, avec une visée défaillante, atteignant un pic de difficulté tellement énorme au bout de nombreuses missions que je respecte à vie tous ceux qui me disent qu'ils n'ont pas utilisé un seul cheat code pour se tirer d'une situation. Puis forcément le jeu devient plus épique et fun avec un arsenal de Rambo en permanence. A l'époque j'avais toujours ma feuille à côté de moi, puis au bout d'un moment j'étais tellement devenu une buse en enchaînant les morts répétées que je me suis mis a connaître ces codes par coeur, tellement que je ne sentais même plus que je les faisais. C'était automatique.

Plus d'armes? R1, R2, L1, R2, Gauche, Bas , Droite, Haut, Gauche, Bas, Droite, Haut.
Plus de vie? R1, R2, L1, Croix, Gauche, Bas, Droite, Haut, Gauche, Bas, Droite, Haut

Ca prenait quelques secondes, c'était la seule alternative passé à un certain stade du jeu chez moi. Et même avec ça je galérais, surtout qu'il n'y avait pas de sauvegarde automatique ou de checkpoint et du coup fallait se retaper le trajet et re-re-re-recommencer. Je réessaye le jeu sans ces trucs là et ça tue tout le fun.
Si je suis le seul sur terre à l'avoir fait à l'époque, traitez moi de noob, je prends volontiers.

Le scénario au début se laisse suivre, toute l'aventure comporte des moments bien délirants mais la trame en elle-même part complètement en vrille total une fois qu'on a dépassé la ville de Los Santos. Peu après que CJ se soit fait trahir par ses potes, le voilà contraint de quitter le quartier le plus vite possible. S'ensuit des missions pour un tel dans la campagne, puis les flics qui te mettent la pression si tu veux pas finir en taule. Toujours a coup de ""Bitch whatcha' doin' man? I'm a gangsta'"".

Non seulement ici ça n'a même pas la qualité d'écriture et narration d'un GTA IV (qui a su apporter un sérieux coup de fouet dans le domaine, notamment dans le fait d'aborder certains thèmes intéressants, son humour moins présent mais plus incisif et plein d'ironie et le travail sur Niko Bellic). mais pire encore, ça n'égale même pas non plus ce qu'avait réussi a faire Vice City en suivant les déboires de Tommy Vercetti. J'ai passé le clair de mon temps a suivre sans grand intérêt la trame principale. Je faisais les missions parce qu'il fallait les faire, parce que c'était cool et le gameplay était encore tolérable à mon goût.

Pareil pour le personnage de CJ que j'ai su trouver intéressant et touchant qu'au début du jeu lorsqu'il revient chez lui suite au décès de sa mère puis en jouant le grand frère protecteur avec sa petite soeur. Par la suite, tout ce qu'on a c'est une sorte d'avatar, sortant quelques grossièretés par-ci par là, en remplissant des missions sans réellement s'imposer ou avoir une once de personnalité. Le pompon revient au moment où il est possible de faire de lui l'avatar qu'on souhaite voir. Un obèse, un anorexique, un type baraqué. Un type swag, un cow boy, un mec sapé en costard et j'en passe....

Le contenu était balèze, les mini-jeux pour parvenir au physique que l'on souhaite étaient marrants (pour peu qu'on aime bombarder les boutons à toute vitesse et qu'on est fan des jeux Track'N Field sur NES). Mais le personnage s'annulait au profit d'une poupée ""Ken version black"" et moi ça me sortait encore plus de l'histoire.

Néanmoins, je serai à tout jamais d'accord avec les nombreux fans qui jurent qu'il demeure toujours comme étant le plus mythique de la série.
Le plus MYTHIQUE on est bien d'accord, l'épisode préféré pour beaucoup...
Mais pas le Meilleur. Je pense qu'il faut arrêter de se reposer sur des arguments faciles comme :

- ""s'il était sorti avec le moteur de GTA IV il serait le meilleur...""
- ""il avait plus de trucs que dans le nouveau, il était mieux y'a pas photo blablabla""

Bien sûr qu'il était super riche en contenu mais est-ce que vous avez repensé a ce que GTA IV a corrigé et apporté une fois qu'on sort de tout ce trip nostalgique? Bien plus de choses qu'on peut constater sur la surface dont j'y reviendrai peut-être dans une critique dédiée à ce jeu un de ces jours. Mais quand on me dit qu'il a oublié le fun en débarquant sur Next-Gen ça me sort par les trous de nez quand je tire un nouveau constat avec celui-ci.

Aujourd'hui GTA San Andreas reste pour moi un incroyable souvenir de jeune gamer, possédant une tracklist musicale qui tue (la station radio K-Rose <3) et malgré tout une map immense et sans aucun doute la plus variée de la série (avec le cinquième volet sorti quelques années plus tard).

Je garde le 8/10 pour tous ces souvenirs, pour la nostalgie, pour ce qu'il représentait.
Désormais sans l'indulgence du passé, le jeu en vaut 5 aujourd'hui selon moi, sérieusement.

On pourrait faire la même chose en baissant la note de tas d'autres jeux qui ont vieilli mais jamais l'excuse du ""faut se remettre dans le contexte de l'époque"" n'a été autant ressenti qu'ici pour ma part en y rejouant. J'arrive pourtant a replonger dans certains classiques PS2 et XBOX sans broncher, même avec leurs défauts.

Mais pas avec celui-là. Dommage. C'était super fun comme jeu...

Avant.",2013-03-15,3600,3,2013,positif
1,1,0.093,0.828,0.079,-0.8129,Grand Theft Auto : San Andreas,"Peut-être le meilleur GTA jamais sorti. Après l'opus Scarface, place à l'ambiance Boyz 'n the hood, les quartiers défavorisés, la junk culture et le paysage musical rap US du début des années 90 et toute la mythologie qui s'est construite autour.

La première chose qui frappe, c'est la carte immense. Ca doit certainement être l'aire de jeu la plus grande jamais conçue pour un jeu vidéo. A terme, vous pourrez vous balader dans des imitations de Los Angeles, San Francisco et Las Vegas, ainsi que la campagne rocailleuse américaine, chacune avec son identité, ses voitures et ses personnages distincs. Parlons-en des personnages : il y en a une tétrachiée, tous aussi imprévisibles et excellents les uns que les autres. Le scénario n'est pas en reste : long, varié et tentaculaire, on n'a pas vu mieux depuis. Par contre, si vous n'avez pas été ""élevé"" dans ce genre d'ambiance et de dialogues, il y a des chances que vous passiez à côté de pas mal de choses.

Au niveau innovations inutiles : le côté RPG est anecdotique (quoiqu'il est bien utile d'avoir de l'endurance quand tu es perdu à pattes en plein milieu de la campagne), la relation avec la petite copine est anecdotique et relou, mais heureusement totalement facultative. D'ailleurs je lui ai roulé dessus par mégarde en faisant une marche arrière, c'est la vie, ça arrive. Sinon dommage également qu'il faille trouver tous les tags/coquillages/points de vue pour avoir les armes gratuites à la base. Le système de paquets des 2 précédents était mieux, on finissait moins souvent en dèche d'une arme.

Pour le reste, bah, c'est GTA : on vole des voitures, on roule sur des putes et on cherche tous les coins improbables pour faire des cascades. Et une fois qu'on a plein d'armes...on sauvegarde et on fait tout péter !",2010-09-26,2900,9,2010,negatif
2,2,0.072,0.82,0.108,0.8999,Grand Theft Auto : San Andreas,"Après un GTA 3 très impressionnant à sa sortie et un Vice City virevoltant de maîtrise arrivant à être spot on sur tout ce qu'il essayait (non, vraiment, lui je vais lui coller un 10, je pense), San Andreas est arrivé, les yeux énormes, et le ventre un peu plus modeste. Je m'explique :

Alors que Vice City se cantonnait à faire ce qu'il savait, San Andreas a tout de suite eu des envies de grandiose.

Et le pire, c'est que tout ce qu'il fait, il le réussit plutôt pas mal. L'évolution RPG à la Elder's Scroll (plus tu utilises une capacité, plus elle fonctionne), le base jump, les trois ""districts"" de la map, ce genre de choses.

Ensuite il y a les idées ratées (la guerre des gangs) et les gadgets idiots (changement de métabolisme du héros) qui, finalement ne gênent pas plus que ça puisqu'assez dispensables.

Non, le vrai problème c'est que, même en réussissant à manier comme jamais ces différents éléments, Rockstar n'arrive pas complètement à faire prendre la sauce.
Il y en a trop un peu partout et on est assez vite noyé sous le flot d'informations.
On se retrouve alors avec un plat fait d'excellents bons produits frais mais qui, après quelques heures de cuisson, se transforme en gigantesque panettone indigeste.


Après donc deux épisodes ayant parfaitement géré leur rythme et leur taille, on se retrouve avec une espèce de ""Retour du Roi"", gonflant et ronflant, ayant au final été pour moi une petite déception.

M'en fous, ya eu Gay Tony depuis.",2010-06-13,1400,6,2010,positif
3,3,0.061,0.868,0.071,0.9156,Grand Theft Auto : San Andreas,"Alors vous allez certainement me demander pourquoi j'écris la critique d'un jeu vieux de presque 8 ans que tout le monde connaît t par coeur.
Eh bien parce que je viens de le terminer dernièrement pour la 50e fois et je peux d'ores et déjà affirmer ceci: GTA San Andreas est bien meilleur que GTA 4

""Mais GTA 4 est nettement supérieur graphiquement et a un bien meilleur gameplay que GTA SA!!""
ça c'est le genre de chose que j'entends toujours quand j'avance ce genre d'affirmation et je vais vous expliquer pourquoi je n'y adhère pas complètement:
Dans GTA San Andreas, les possibilités sont nombreuses comme:
1.changer des fringues, de coiffures et d'apparances (maigre, costaud ou gros)
2.manger, faire du sport et de la gym pour changer d'apparence
3.rouler en vélo ou bmx
4.sortir en boite et y danser en QTE
5.faire des concours de ""lowriders"" également en QTE
6.déclencher ou stopper une guerre de gangs sur los Santos
7.choisir entre 3 styles de combats (Boxe,kung fu ou catch)
8.conduire un train
9.piloter un avion
10.parier sur les courses
11.jouer au jeu vidéo, au billard et au casino (dans Las Venturas)
...
Je ne vais pas plus loin sinon ma critique sera trop longue.

Et maintenant voici les possibilités dans GTA 4:
1.pouvoir sortir avec les copains non DEVOIR sortir avec les copains dans un bar ou dans un cabaret ou dans une boite à strip tease ou dans un bowling ou dans un restaurant dans le seul but de se faire chier.
2.Suivre les tracés GPS pour les missions ou les rendez vous (piqué à Saints Row 1)
3.Utiliser un portable pour appeler les copains ou les contacts pour divers services (piqué à Saints Row 1)
4.Beneficier d'un moteur physique plus réaliste du nom d'""Endorphine"" (piqué à Saints Row 1 qui lui l'a piqué à Indiana Jones)
5.Faire les fusillades à couvert, plus contraignant qu'utile car on se prendre les balles par derrière ou sur les côtés alors qu'on ne peut regarder que devant.
6.Changer de fringue mais pas de coiffure et d'apparence.
7.Utiliser l'ordinateur de la police qui ma foi n'est pas aussi intéressants que les missions ""AutoDefense"" des précédents GTA.
8.Payer le péage, quoi que non ce n'est pas une possibilité c'est une contrainte

Ensuite même si GTA SA à un graphisme beaucoup trop faible pour un jeu PS2, ça ne sert à rien de vanter des graphismes de haut niveau dans le quatrième volet si c'est pour montrer une ville grisonnante( en dehors d'Algoquin ou il y a un peu de couleurs ) et un héros moche comme un poux qui fait tache partout il passe j'ai nommé Niko Bellic.
""Ho mais CJ ressemble à un singe avec ses débardeurs et ses jeans de clochards"" me dira-t-on, sauf que CJ on peut lui faire changer d'apparence, de coiffures et de fringues pour le rendre présentable comme on le souhaite alors que Niko Bellic ON NE PEUT PAS!
il aura toujours une face de bouseux, des cheveux et une pilosité de bouseux et il aura toujours des fringues de bouseux (oui je sais il y a le costard cravate mais l'aide à peine à le rendre présentable).
J'ai même un argument solide qui prouve tout ce que dit: Dan Houser, vice-président de Rockstar reconnaît avoir demandé un personnage avec peu de charme et peu de charisme pour le 4e volet car il avait un certain ras de bol d'avoir des belles gueules comme CJ ou Tommy Vercetti ou Claude comme héros principal.

""Il n'empêche que Liberty City est quand même bien plus grand que San Andreas, là tu peux rien déblaterer sur ce sujet car GTA 4 a un monde plus ouvert que GTA SA"".
Je vais être honnête, je préfère largement être dans un état avec 3 grandes villes très variées même si elles ne sont pas immenses, une campagne avec des collines et des sapins, un désert avec des canyons, un barrage hydraulique et des terrains creux, un grand réseau routier et quelques petites bourgades éparpillées dans l'état plutôt que de me farcir une mégapole entourée d'eau où chaque parcelle de quartiers se ressemblent presque ou entièrement et où il faut en plus payer le péage juste pour emprunter les ponts.
Même si il y a des grands ponts, une statue de la liberté et un district animé, je m'emmerde plus dans Liberty City que dans San Andreas car il y a beaucoup trop de similitudes entre un quartier et un autre et puis j'ai l'impression que ça choque personne que Liberty City soit passé de trois petites îles représentant chacune un district de la ville à une réplique vivante de New York City en plus grisonnante et tout ça en l'espace de quelques années alors que pour arriver à un résultat pareil il aurait peut être fallu des dizaines d'années voire UN SIECLE.
Après bien sûr, San Andreas n'était pas un état américain perdu dans l'océan à la base dans la saga. c'était une des trois villes de GTA 1 qui avait la simple allure d'une charmante ville californienne avec un grand pont comparable au Golden Gate de San Francisco.
Donc autant dire que Rockstar Games, en plus de toujours nous imposer les mêmes villes dans GTA, ont aussi l'habitude de les métamorphoser à tout va sans qu'il y ait de réel logique à la base.

Tout ça pour dire quoi? que GTA San Andreas même si il est techniquement inférieur à GTA 4 est bien meilleur que ce dernier parce qu'elle a beaucoup de possibilités qu'on ne retrouve plus dans GTA 4 et que son univers même si il n'est pas plus grand que dans le volet suivant est quand même très varié.",2012-08-02,2300,8,2012,positif
4,4,0.047,0.835,0.118,0.9939,Grand Theft Auto : San Andreas,"Qu’il soit question de gagner une partie de billard, de se payer une veste cool ou encore de soutirer de la drogue à un dealer, il n’y a pas de meilleur outil de négociation que la batte de baseball. Je n’invente rien, c’est GTA qui me l’a appris, et plus particulièrement San Andreas. Tenez, j’ai aussi compris qu’à force de se jeter au milieu de l’eau, on finit par apprendre à nager. Bon, là j’ai pas encore d’exemples concluants dans la vraie vie mais j’y travaille fort. D'ailleurs, ça me fait penser qu’il faudra que je descende ce sac poubelle aux ordures.

Tout ça pour dire que GTA, ce n’est pas qu’être un gangster. C’est surtout se poser des questions de la vie quotidienne. Quelle coiffure vais-je arborer aujourd'hui ? Hum, et si j’allais gagner ma vie honnêtement comme ambulancier ? Je me laisse aller ces derniers temps, allons à la salle de sport ! C’est fou les possibilités de ce jeu ! On plaisante, on plaisante mais quand bien même GTA, et ce depuis le III, a toujours eu pour objectif d’offrir un bac à sable total, l’épisode San Andreas marque une étape car il apparaît clairement comme l’initiateur des mondes ouverts modernes. Enfin, rétrospectivement j’entends, je ne suis pas devin non plus, on est en 2017, hein.

Selon une étude scientifique réalisée auprès d’un panel représentatif de joueurs (j’ai sondé ma voisine et ses 7, non 5 chats, ils étaient d’accord avec moi), il y a trois caractéristiques majeures qui me semblent définir les mondes ouverts actuels. La première, c’est le remplissage en collectibles merdiques et missions secondaires inintéressantes. Bon ça, ce n’est pas nouveau, GTA III proposait déjà gentiment de ramasser 100 paquets éparpillés dans la ville. San Andreas fait ça aussi et multiplie les activités annexes : photos, courses, grue, fers à cheval, huîtres. Oui, je sais, la cohésion de l’univers est au top.

Le deuxième point, c’est le tout RPG. Tout peut être amélioré pour peu que l’on en ait la volonté. Si ce n’est pas un beau message d’espoir pour nous autres, les boutonneux qui tenons une manette. Par exemple, enchaîner les kilomètres à vélo permettra de moins facilement chuter en cas d’un accident bête sur l’autoroute. Ce système de progression est plutôt malin car il permet de mettre en avant la montée en puissance du héros, chose souvent absente d’un bac à sable qui, par définition, aura tendance à offrir immédiatement tous les outils au joueur pour se faire sa propre expérience. Malheureusement, certains boosts passent par du martelage de bouton dans la salle de gym ou l’obligation d’aller chez le coiffeur pour augmenter sa jauge de sex-appeal. Si cette perspective vous réjouit, tant mieux mais permettez-moi de vous dire que vous êtes sacrément bizarre.

Enfin, la dixième plaie, ou troisième peu importe mais tâchez de suivre, des jeux ouverts et de San Andreas, c’est la volonté des développeurs de toujours vouloir faire un terrain de jeu plus grand. Ça me semble être l’erreur classique de toutes les suites. J’ai un monde ramassé et cohérent qui fonctionne, qu’est-ce que je fais dans l’épisode d’après ? Boum, je multiplie la taille de l’univers à explorer par dix, ce qui m’oblige par ailleurs à le remplir de trucs inutiles à collectionner pour le rendre moins vide et j’en fais un argument marketing. Je conçois que pour un GTA il faille (San Andreas, faille, vous l’avez ?) un minimum d’espace pour faire naître des situations improbables mais quand je dois en permanence regarder la carte dans le coin de l’écran pour m’orienter, c’est qu’il y un problème. Apprendre à connaître les coins et recoins d’une ville, trouver des raccourcis ou ses zones favorites sont des éléments primordiaux pour pouvoir profiter de l’environnement offert. Contrairement à GTA III ou à Vice City, San Andreas ne remplit pas cette condition. Après des heures dans la ville, je ne sais toujours pas m’y repérer et revenir vers les objectifs après une promenade devient rapidement un calvaire.

GTA San Andreas, au final, c’est plus. Plus de collectibles, plus de missions dans un monde plus grand. Il y a certaines personnes à qui cela ira très bien. Et d’autres qui seront écrasées par les possibilités, paralysées par tant d’opportunités inégales. Cette philosophie de fournir toujours plus de contenu est encore très actuelle et peut parfois s’avérer payante si elle est bien maîtrisée. Pourtant, après avoir suivi des points sur une mini-carte pendant des heures, fait des mini-jeux au gameplay discutable et couru comme un perdu sur des kilomètres pour rejoindre un objectif, j’ai le sentiment que ce n’est pas le cas ici. Peu importe l’histoire et ce qu’elle met en avant, San Andreas en fait trop et ne donne pas franchement envie d’y retourner. Pas grave, j’ai des brassards, ma batte et des expériences à mener avec ma voisine.",2017-02-26,2000,2,2017,positif
5,5,0.044,0.84,0.116,0.9752,Grand Theft Auto : San Andreas,"J'ai pas encore noté les autres, mais sachez qu'à part les 3 premiers sur PS One, ils se tapent d'office une meilleure note.

Donc, vous l'aurez compris, San Andreas est pour moi le moins bon des GTA.
Parce qu'il en fait TROP.

J'ai rien contre l'ambition, et nous faire parcourir tout un état était louable.
Seulement, voilà, l'énorme surface de l'état de San Andreas et les multiples activités disponibles (dont certaines sympas à voir pour la technique mais guère utiles pour le gameplay...Devoir nourrir CJ et l'entraîner, c'est un peu chiant à long terme) prennent carrément le pas sur le reste, c'est-à-dire le scénario et les personnages, qui sont quand même l'essence d'un GTA.

Y a toujours ce même humour, mais les personnages ne sont pas franchement marquants.
Le scénario part bien, dans un esprit John Singleton, avant de vite partir (dès la fuite de Los Santos, en fait) dans du grand n'importe quoi, une course à la puissance et au pouvoir dans des situations toutes plus improbables les unes que les autres (mais techniquement toujours au niveau, notamment les phases en parachute).
Rien de comparable à GTA III ou Vice City, pour le coup.Ou même au cynisme de GTA IV (auquel le retour à une seule ville a fait un bien fou pour la cohérence du scénario).

Malgré tout, le jeu mérite son 7 pour l'incroyable performance technique (mais bon, y en a tellement qu'on se dit ""Bon, ok, les mecs, c'est bien beau de nous montrer ce qu'on peut avoir en poussant le hardware à fond, mais si vous nous rameniez un scénario digne de GTA?""), les clins dœil à GTA III/Vice City (les 3 formant un tryptique cohérent), le petit voyage à Liberty City, et la profusion de possibilités annexes.
Possibilités annexes qui forment l'essentiel de ce GTA, qui est au final assez déséquilibré par rapport aux autres.

Et c'est quoi, cette difficulté inexistante, alors que les 2 précédents étaient un défi de tous les instants?

Un bon jeu défouloir quand même.
Mais trop bac à sable et pas assez GTA (de la façon dont je conçois un GTA).",2010-12-20,1300,12,2010,positif
6,6,0.047,0.868,0.085,0.8937,Grand Theft Auto : San Andreas,"Il n'y a pas d'autres mots qui me viennent à l'esprit. Le GTA le mieux réalisé d'après moi jusqu'à présent.
Quoi de plus jouissif de rouler en moto dans le désert, de piloter un viel avion dans les airs ?
C'est vraiment la première fois que Rockstar réussis un décors en dehors de la ville qui est vraiment bien réalisé, les montagnes déserts ..
Les jeu en lui même n'est pas comme les précédents opus, très facile à finir .. Il y a tellement de choses à faire en même temps qu'on ne sait plus ou donner de la tête. Trouver les huitres, les fers à cheval, les photos .. sont peut être en trop, mais ça fait vraiment envie de finir le jeu à 100% !
Le seul GTA ou le personnage peut vraiment évoluer, ne pas parfaitement maitriser les armes au début .. faire de vrais combats au corps à corps.
Le jetpack, le parachute, l'hydravion, tout ça, les petits plus ajoutés, les magasins de vêtements, les casinos, la ville de LV parfaitement imitée, les flics ayant pour la première fois dans un GTA un minimum d'intelligence ..
Trop de liberté même. Je ne peux tout énumérer, tous les élements qui font que rockstar n'a pas fait ce jeu à la légère.
Un GTA ou les missions sont secondaires.",2010-10-17,759,10,2010,positif
7,7,0.074,0.788,0.138,0.9593,Grand Theft Auto : San Andreas,"Le fameux GTA: San Andreas, enfin, je l'ai fait. ... Que dire?

Premièrement, ça a mal vieilli, textures relativement baveuses plutôt affreuses pour les yeux, qui mettront du temps à s'y habituer et le gameplay s'avère difficilement maniable, hasardeux et bien trop lourd. Et l'histoire? Mhhh. On s'en fout un peu, non? Je dirais que l'histoire n'est qu'un prétexte pour donner un peu plus de consistance au jeu, des fois entraînante (avec des missions de tarés, je l'accorde qui m'ont fait passer de bons moments), mais souvent décevante (voire énervante, je pense à ces phases où l'on doit apprendre à contrôler les véhicules, insupportable). Et le clou du jeu, le gros point noir, les guerres des gangs, mais pourquoi c'est aussi laborieux? Je trouvais ça cool de prime abord et puis, ç'en est devenu lassant, le plaisir de jouer ayant totalement été annihilé.

En quoi San Andreas vaut-il donc le coup?
C'est déjà dû à une nostalgie tout à fait compréhensible du jeu, celui-ci ayant durablement marqué son époque et les joueurs leur ayant fait passer des bons moments. Mais ces bons moments ne se trouvent aucunement - à mon humble avis - dans l'histoire très moyenne en soi mais la superficie du terrain et ce qui y est rendu possible, la véritable essence du jeu résidant alors dans cet immense open-world et ses nombreuses interactions permises avec le monde extérieur. La diversité du terrain est encore aujourd'hui ébouriffante quoique un peu vaine. Il y a cependant une multitude de véhicules utilisables et des armes terriblement fun ainsi que le comportement de certains pnj. Le jeu permet grâce à cela encore de s'amuser (codes, quand tu nous tiens) bien que cela devienne vite source d'ennui (les rues étant profondément vies au comparé de certains jeux). J'avoue néanmoins m'être surpris à divaguer sur la carte à l'aide d'un avion au-dessus des plaines désertiques sur Freebird, trippant et enivrant.

San Andreas est culte, c'est certain et il le restera malgré ses évidents défauts.",2013-07-05,869,7,2013,positif
8,8,0.0,0.896,0.104,0.5093,Grand Theft Auto : San Andreas,"Écraser des gens, écraser des geeeeeeeeeeeeeeens ! *voix de psychopathe*

Non, franchement, si des psychologues m'avaient vu y jouer, ils m'auraient internée. Et jamais une auto-école ne m'aurait acceptée ^_^

Génial pour se défouler.",2010-08-05,771,8,2010,positif
9,9,0.076,0.9,0.023,-0.508,Grand Theft Auto : San Andreas,"C'était mon premier GTA et franchement, j'ai pris mon pied. Je me souviens avoir brulé un champ de weed au lance-flamme (le FBI allait débarquer), avant de prendre la fuite dans un camping-car bourré du stock d'herbe du vieux hippie qui conduisait. J'y rejouerais bien.",2010-08-06,567,8,2010,negatif
10,10,0.104,0.896,0.0,-0.3252,Grand Theft Auto : San Andreas,"Quand on est pas habitué à ce genre de jeu, on décroche très vite, car on ne sait pas comment avancer.",2015-11-01,89,11,2015,negatif
11,11,0.104,0.838,0.058,-0.7524,Grand Theft Auto : San Andreas,"Grande carte et beaucoup d'activité, mais merde, je l'ai découvert apres le 4 et revenir à une manipulation aussi énervante, une physique aussi aléatoire... Je peux pas. C'est con, j'aurais aimé terminer l'histoire de CJ mais j'en suis arrivé au ""point gta"".

Point GTA : moment de frustration lorsque l'on se retrouve à choisir entre x missions différentes, et que chacune de ces missions est impossible à terminer par un mélange de difficulté (ça encore c'est le but), et un gameplay trop hasardeux (impardonnable).
Le point GTA est bien moins présent dans la série des 4 que dans les opus précédents.",2011-08-26,448,8,2011,negatif
12,12,0.131,0.794,0.075,-0.4054,Grand Theft Auto : San Andreas,"Après les épisodes 2d, GTA 3 m'avait à nouveau estomaqué. Vice city apportait un peu de couleurs et d'originalité ... san andreas ... c'est un mélange de trop d'idées à la fois qui donne un joyeux bordel pas assez maitrisé : trop de features inutiles, mal équilibrées, trop d'humour gras.

Peut être aussi que Boys in da hood c'est pas mon trip ...",2010-08-20,353,8,2010,negatif
13,13,0.078,0.835,0.087,0.9149,Grand Theft Auto : San Andreas,"Sans aucun doute l'un des meilleur GTA jamais faits et le meilleur de la première trilogie. SAN ANDREAS surpasses les précédents opus sur tout les points, et est pour moi le GTA le plus complet.
Le scénario et les personnages sont vraiment superbes, avec en tête le héros du jeu Carl Johnson, un des personnages les plus marquants de la franchise et surtout un des premiers héros afro-américain du jeu vidéo. Le reste des personnages sont très bons, avec notamment les personnages que l'on rencontre au début à savoir Sweet (le frère de Carl, qui se bat pour sa famille et le quartier de Grove Street), Smoke et Ryder (les deux traites), ainsi que les autres personnages comme Woozie, celui de la Triade qui est aveugle mais qui fait tout pour le cacher (comme battre CJ aux jeux vidéos), ainsi que The Truth, un hippy. Et on a l'antagoniste Tenpenny, l'un des antagonistes les plus légendaires de la série, le flic corrompu qui a mettre des bâtons dans les roues à CJ, et qui va corrompre les gangs pour mettre Los Santos à feu et à sang. Et on retrouve au fil de l'histoire plein de personnages des deux autres opus (vu que ce jeu ce situe dans les années 90), que ce soit Ken Ronsenberg, Salvatore Leone, et on croise surtout le héros de GTA 3 : Claude Speed, ainsi que Catalina. L'intrigue est très bonne et évolue au fil du jeu (surtout à partir du moment où Carl est capturé par les flics corrompus et emmené hors de Los Santos), et avec plusieurs ambiances, que ce soit le coté gangsta dans la première partie du jeu, ou encore l'aspect mafia vers la fin.
Et c'est aussi l'un des GTA le plus délirant aux niveaux des missions, notamment avec de nouveaux ajouts au niveau des véhicules comme les avions ou encore le jetpack, avec l'exagération dans le spectaculaire, et aussi des missions beaucoup plus diversifiées que dans les autres opus, avec des missions qui poussent plus à l'infiltration. Le gameplay est beaucoup plus riche, le système de visé est repensé et on peut améliorer le niveau de notre personnage (graisse, muscle, endurance...), ce qui rend le tout plus immersif. Ce coté role play (qui n'est pas repris dans les opus suivant, même dans le V où les barres de compétences sont très anecdotiques) fait de ce GTA le plus riche en terme de contenu (que ce soit les évolutions physiques très visibles, et aussi la montée en niveau des armes où on a la possibilité par exemple de monté à fond notre 9mm pour finir avec deux armes en main), bien que cet aspect peut être un peu redondant, que ce soit avec les petites amies que l'on rencontre et qui sont exigeantes au niveau du poids, du muscle et du sex-appeal, où encore la mission pour Woozie où il faut améliorer l'apnée. Les missions sont beaucoup plus riches et la durée de vie est impressionnante, avec des activités annexes encore plus présentes, avec surtout les gangs qui ont beaucoup plus d'importance avec les fameuses guerres de gang où il faut capturer des territoires (bien que l'on ne peut pas le faire durant la moitié de l'histoire). Les missions sont funs, bien que certaines sont dures, je pense surtout aux tristement célèbres missions de Zero, notamment la mission de l'avion télécommandé qui est emblématique de la frustration absolue.
Et cette fois ci, on n'a pas une mais 3 villes à visiter, avec trois villes uniques ayant leur propres ambiances, et surtout les paysages qui séparent les villes comme les forêts et le désert (et avec pleins de mystères et d'easter egg). Et on a une sensation de grandeur avec une des plus grosses map de la PS2.
Bref en conclusion, c'est l'un des meilleurs GTA jamais fais, toujours aussi fun et avec un système de jeu totalement repensé.",2023-12-23,207,12,2023,positif
14,14,0.08,0.746,0.174,0.979,Grand Theft Auto : San Andreas,"Bon déjà j'ai connu GTA en y jouant avec mes cousins... Et contrairement à certaines personnes qui trouvent le jeu violent, moi je le trouve fun, classe, et j'aime beaucoup comment le jeu se moque de la société actuelle américaine. Dans ce jeu, on contrôle Cj un ganster qui retrouve sa ville natale et c'est là que il découvrira la mort de sa mère. Entre ses relations familiales et le fait que le héros se retrouve mêlé a des histoires de trafic de drogue, le héros essayera de retrouver le meurtrier de sa mère. Bon déjà, le scénario envoie du lourd. Digne d'un scénario de film policier. Ensuite l'immensité de la Map est juste impressionnante... Entre les grandes villes, les villages, les montagnes et le désert, on en a pour tous les goûts ! Ensuite la grande variété d'armes et de véhicules... Là c'est simple comme bonjour ! Entre les voitures, les motos, et les vélos ! On en a pour tous les choix ! C'est pareil pour les armes ! Et puis les graphismes et l'ambiance instaurée ! C'est simple tout est bien dans ce jeu ! Même les quêtes primaires et secondaires sont réussies ! Quand au héros principal, je l'ai bien aimé ! Il m'a beaucoup plu avec son fort caractère ! Bref ce jeu est bon tout simplement.",2017-08-23,242,8,2017,positif
15,15,0.022,0.825,0.153,0.9673,Grand Theft Auto : San Andreas,"GTA : San Andreas, meilleur GTA de mon point de vue ( 5e : GTA III, 4e : GTA IV, 3e : GTA : Vice City, 2e : GTA V, 1er : GTA : San Andreas) est de retour sur PS4 via la magie de Sony et des ses prix abusifs.

Aspects négatifs :
- Le prix de 15 €
- Le bug sonore dans la carte
- Les graphismes (normal puisqu'""émulé"")

Aspects positifs :
- L'ambiance du jeu magistrale
- Le héro charismatique
- Un scénario qui suit son chemin
- Une bande-son au poil
- Des dialogues percutants
- Un Gameplay au poil
- Une durée de vie géante
- Une carte avec énormément de possibilités de par sa grandeur

Vous l'aurez compris, ce jeu est merveilleux, je vous le conseille, ah ça c'est sûr.

Et le trophée Platine est abordable.",2016-04-23,1900,4,2016,positif
16,16,0.0,0.94,0.06,0.6608,Grand Theft Auto : San Andreas,"San Andreas est le meilleur épisode de la firme.

Pourquoi ?


Une carte immense, très variée représentant le paysage américain.

Une bande son de premier plan et de tous les genres (rap, rock, pop, disco ...).

Une durée de vie illimitée.

Et parce qu'on peut faire joujou avec toutes sortes de véhicules : Du Bmx au train, jusqu'à l'avion de chasse.",2016-02-17,217,2,2016,positif
17,17,0.073,0.803,0.124,0.6641,Grand Theft Auto : San Andreas,"Je l'ai vraiment adoré celui-là. Ce GTA est spécial car c'est le premier ou il y a vraiment une ambiance gang omniprésente dedans. Les différents gangs, grove street, les ballas, los vagos, los aztecas, les da nang boys, san fierro rifa. Le scenario du jeu est au top, la zik très bien aussi, la jouabilité, les missions, l'originalité, très bien, vraiment un très bon jeu, le seul bémol du jeu je dirai c'était les graphismes, c'est ce qui m'a frappé aux yeux j'avais l'impression que vice city était plus beau et il l'était, d'ailleurs même pour l'époque j'ai pas trouvé ça joli, on faisait des jeux bien plus beaux graphiquement même en 2004, Rockstar n'a pas fait l'effort sur les graphismes mais côté scénario c'était vraiment le top, ça compensait vaguement mais on se disait, le jeu n'est pas très beau quoi, des gros pixels comme ça sur un jeu avec une ambiance tellement bien faite telllement bien retranscrite c'est vraiment dommage quoi, ça aurait été tellement mieux d'avoir le même jeu mais au top graphiquement.",2016-07-17,273,7,2016,positif
18,18,0.094,0.786,0.119,0.508,Grand Theft Auto : San Andreas,"-Mort en 2 secondes
-1 seule balle et la voiture explose
-Pas de sauvegarde durant les mission
-Dès que l'on crève on perd tout et on doit tout racheter en esperant ne pas remourir en mission....
- On passe sur le son desvéhicules/armes , etc...

J'ai jouer 2 heures au jeu avant de le désinstlaler et de briser le disque en 2.
Donc oui..je l'admet..c'est un bon défouloir mais pas comme je m'y attendait!!!",2015-08-02,284,8,2015,positif
19,19,0.0,0.625,0.375,0.34,Grand Theft Auto : San Andreas,je vous conseil de jouer,2015-05-05,89,5,2015,positif
20,20,0.0,0.79,0.21,0.9169,Grand Theft Auto : San Andreas,"Ce jeux est un diamant brut, c'est un bijoux, il a été fait par Dieu.
Des heures, des journées d'amusement sans jamais se lasser, des moments magiques à se balader d'un bout à l'autre de la carte. Il y a tellement de chose à faire dans ce jeu que c'est juste un bonheur de pouvoir y jouer.",2014-03-16,308,3,2014,positif
21,21,0.063,0.839,0.099,0.9664,Grand Theft Auto : San Andreas,"Oui une prouesse, Grand Theft Auto San Andreas est le digne successeur de VIce City lui même ayant atteint un excellent niveau. San Andreas encore aujourd'hui considéré pour la plupart comme le jeu le plus aboutit de la licence n'est autre que le jeu qui a réalisé le plus de ventes sur PS2 (tout de suite ça en impose).

GTA San Andreas prend place au cœur des années 90' au milieu des gangs de Los Santos et des casinos de Las Venturas. Le titre nous propose un terrain de jeu immense séparé en trois grandes îles, chacune abritant une ville représentative des grandes mégapoles américaines (Los Angeles, San Francisco et Las Vegas), ceci laissant au joueur une grande liberté d'action. Même après quelques centaines d'heures de jeu il sera difficile d'affirmer avoir découvert toute la carte, celle-ci étant non pas composée que de villes comme ses prédécesseurs mais bien de forêts, d'un désert et d'une montagne, ces environnements sont nouveaux dans la saga et font bonne impression. Comme je l'ai dit plus haut l'action prend place au cœur d'un gang, la ville de Los Santos étant déchirée par la guerre des gangs, on incarne Carl Johnson (CJ) qui renouera avec son passé de gangster et reprendra du service dans le gang de Groove Street, une immersion fort bien réussie par les gars de chez Rockstar qui nous plongent dans cet univers avec des dialogues prenants non pas dénués d'insultes en tout genre. Question gameplay on retrouve ni plus ni moins un gameplay semblable à ses prédécesseurs mais ceci amélioré, on aura toujours de nombreuses armes et une infinité de véhicules avec en nouveauté les attrayants avions de chasses et autre aéroglisseurs. De nouveaux types de véhicules qui pour moi font la force de ce GTA, qui ne se souvient pas des BMX ou des Quads ? Je décerne encore une fois une médaille à Rockstar pour la bande son de leur jeu, des radios prenantes (Radio X, KDST...) qui pourront nous transposer ne serais-ce qu'un instant au cœur des banlieues de Los Santos. Guns N'Roses, Depeche Mode, Faith No More, Lynyrd Skynyrd ou encore Ozzy Osbourne, la liste est longue passant de la country au Rap américain, Rockstar nous gratifie pleinement d'une soundtrack d'exception. Chose sure vous ne vous ennuierez pas en jouant à San Andreas, petits boulots, objets cachés dans les recoins de la ville, personnalisation des véhicules et du personnage, on a là de quoi passer un temps fou si l'on souhaite explorer le jeu de fond en comble !

San Andreas est LE jeu en monde ouvert sur PS2 à tester au moins une fois dans sa vie, même si mon cœur penche plus du côté de Vice City, San Andreas ne m'a pas laissé neutre et m'a donné du bon temps entre ami à arpenter les rues de Los Santos grâce au mode multijoueur inédit dans la saga. Un incontournable pour tous possesseurs de PS2.",2013-12-14,318,12,2013,positif
22,22,0.0,0.671,0.329,0.691,Grand Theft Auto : San Andreas,"Le meilleur GTA de la série, en attendant le V...",2012-12-06,285,12,2012,positif
23,23,0.136,0.825,0.039,-0.8452,Grand Theft Auto : San Andreas,"On rigole bien, on mange gras, on tue des immigrés russes...
Et d'un coup, James Woods arrive.
LE James Woods.
Et là le jeu devient fou !

Trip paranoïaque aggravé, théories du complot, pilotage d'engins volants en tous genres...
Toute la storyline liée à James Woods est absolument mortelle.

Pour tout le reste il y a la carte American Express dans une main, et l'UZI dans l'autre.",2011-12-11,275,12,2011,negatif
24,24,0.074,0.806,0.12,0.6154,Grand Theft Auto : San Andreas,"Ce n'est pas LE jeu sans fin qu'on emmène avec soi sur une île déserte (déserte mais avec le courant, un écran plat, une console, etc... ), car il a un début... et une fin malheureusement.
On appelle ça un scénario.

Et quel scénario !

Je l'ai fini depuis belle lurette, mais je ne peux me résoudre à couper le cordon (wireless).
Suis-je le seul à y revenir de temps en temps, pour le simple plaisir de traverser paisiblement la carte en écoutant de la musique ?",2012-02-04,299,2,2012,positif
25,25,0.0,1.0,0.0,0.0,Grand Theft Auto : San Andreas,M'ouais.,2011-01-21,278,1,2011,neutre
26,26,0.161,0.839,0.0,-0.7212,Grand Theft Auto : San Andreas,"GTA au pays des sims... manger des hamburgers, prendre du poids, faire du vélo, perdre du poids, aller chez le coiffeur, changer de vétements, danser en rythme... j'ai loupé quelque chose?",2011-01-16,210,1,2011,negatif
27,27,0.085,0.813,0.102,0.7638,Grand Theft Auto : San Andreas,"Damnation, encore un GTA à critiquer. En même temps, il n'y a pas grand chose à dire. On incarne un gangster, on doit faire des missions (obligatoires ou secondaires) pour le compte de différentes personnes. Ces missions, si les situations et scénarios sont relativement variés, tournent un peu toujours autour des mêmes idées : tuer des gens, conduire des voitures, course-poursuite ... Même si le jeu se veut plus ou moins sand box, ne vous attendez pas quand même à pouvoir faire plein de choses variées, on reste autour de ses deux idées de départ (j'exagère, on peut aussi piloter des bateaux et des avions). Néanmoins, la recette fonctionne toujours bien.

Dans cet épisode, on est plus dans l'ambiance gangsta-rap. On contrôle Carl, qui revient dans son quartier natal retrouver ses frères et anciens potes, et comme d'habitude dans les GTA, va vite prendre (ou reprendre dans ce cas là) ces bonnes vieilles habitudes de mafieux. L'ambiance est cependant très con con voir second degrés, et malgré une histoire avec quelques trahisons et autre, le jeu ne se prend pas vraiment au sérieux. Peut être que ça aidera à faire passer la pilule auprès des fanatiques de la moralité et du bon goût.

Une nouvelle composante de gameplay vient se greffer dans cet opus : la gestion de la forme physique de Carl. Après toute ces années, ce bon vieux Carl est un peu rouillé, et n'est donc plus dans sa meilleure forme : muscles invisibles, embonpoint ... Il n'appartient qu'à vous de lui faire retrouver une forme optimale ... ou de le faire devenir obèse en ingurgitant de la mal bouffe. Concrètement, on passe son temps à faire de l'entrainement dans des salles de musculation et autre, sous la forme de petits jeux type Track & Field. C'est franchement pas très passionnant. Autre composante, on peut désormais fringuer notre Carl. Moi, je m'étais fait un mec super baraqué torse nu, j'étais trop cool. Car bon, dans la vraie vie, je crache sur les clips de gangsta rap, mais en fait j'ai trop envie d'être pareil. Ah oui aussi, on peut draguer de la chaudasse, et peut être même plus, à condition de débloquer le mod Hot Coffee. A vous la partie de sexe à coup de Track & Field (c'est encore moins existant que dans Fahrenheit).

Si vous avez aimé n'importe quel GTA à partir du 3, vous pouvez vous jetez dessus, c'est la même marque de fabrique que les autres. Plus de variété, les missions sont marrantes, ambiance très conne, bref, rien à jeter. Ah si, peut être le mode guerre des gangs, complètement foireux, à éviter comme la peste.",2010-12-21,348,12,2010,positif
28,28,0.051,0.882,0.067,0.3151,Grand Theft Auto : San Andreas,"Si GTA 3 était une maison faite de briques et de ciment, GTA San Andreas serait un immeuble fait de briques mais manquant de ciment... En effet, l'aire de jeu, trop vaste, est parsemée d'un nombre trop conséquent de missions trop courtes pour se justifier. Par conséquent le joueur transformé en girouette se liquéfie rapidement, ne laissant que ses dents de devant sur le bitume usé. On est loin de l'habile mise en situation d'un GTA 3.",2016-10-18,283,10,2016,positif
29,29,0.0,0.552,0.448,0.743,Grand Theft Auto : San Andreas,"La liberté d'action, un univers riche et décalé. Un jeu parfait.",2010-10-12,94,10,2010,positif
30,30,0.075,0.825,0.099,0.8746,Grand Theft Auto : San Andreas,"Le meilleur Gta tout simplement avec ses personnages cultes sa maps gigantesque et son histoire remplis de rebondissements !

Chacun son Gta favoris moi c'est celui ci , j'aime beaucoup Gta IV et Gta V mais San Andreas c'est mon adolescence , CJ , Sweet , Big Smoke , Ryder , Tenpenny , OG Loc , la guerre des gangs , l'ambiance du ghetto , conduire une voiture remplis des membres de Grove Street dans le territoire des Ballas Radio Los Santos a fond pendant que sa mitraille , conduire dans la campagne K-Rose et toutes ses musiques cultes a fond dans la voiture (c'est ce jeu qui m'a fait aimé la country et pleins d'autres musiques que j'écoute encore aujourd'hui) , s'habiller au couleurs de Grove Street a Los Santos , comme un Citoyen lambda a San Fierro , comme un Mac a Las Venturas et j'en passe on avait plus de liberté que dans les Gta suivants et précédents

l'Histoire était génial en particulier le début et la fin a Los Santos de toute façon a par quand j'y était obligé je quittais rarement le Ghetto la guerre des gangs c'était mon passe temp favoris x)

Je comprend que la nouvelle génération ne soit pas impressionné par ce jeu c'est normal mais pour nous c'était un truc de fou , moi même j'ai essayer de joué a Gta 3 plus tard mais la sauce a pas pris parce que j'ai commencé par San Andreas , j'ai vite fait joué a Vice City une ou deux fois avec mes cousins quand j'étais petit mais pas assez pour le juger

Gta San Andreas est a jamais un classique !",2023-11-04,4,11,2023,positif
31,31,0.0,1.0,0.0,0.0,Grand Theft Auto : San Andreas,"Gameplay = 3,5/5
Graphisme = 3,5/5
Technique et DA = 3/5
Histoire = 3,5/5
Total = 13,5/20",2023-11-08,7,11,2023,neutre
32,32,0.0,1.0,0.0,0.0,Grand Theft Auto : San Andreas,"9,5",2023-07-03,0,7,2023,neutre
33,33,0.091,0.829,0.08,-0.4789,Grand Theft Auto : San Andreas,"QUALITES:
Une carte incroyablement gigantesque ! ils ont repoussé toutes les limites de grandeur, on met des jours et des jours pour faire le tour complet des environs.
La possibilité sympa de faire évoluer son perso physiquement et de le fringuer.
Une ambiance gansta de rue a la Los Angeles carrément bien rendue et immersive.
Graphiquement on est monté d'un ton, c'est plus joli et plus détaillé.
Un nombre de missions ahurissantes et passionnantes font durer le plaisir de jeu de longs mois!
Le fun hors missions est poussé au maximum, c'est une incitation à se distraire de toutes les manières possibles.
Encore une sacrée éclate manette en main, en voiture, en moto, a la campagne, dans les cartels, y'en a pour tout le monde.
DEFAUTS:
Même s'il est plus beau que son ainé, pour une PS2 de 2004 on ne tombe pas de sa chaise pour l'animation et les décors.
J'ai moins accroché au style rap gangsta, moins dans mon délire, question de goût, je me suis davantage senti dans le coup a vice city.
Les guerres de territoires de gangs, plutôt bien pensées, deviennent franchement chiantes avec le temps, on passe son temps a devoir faire des allers retours pour protéger son territoire a coups de fusillades répétitives.
Les flics trop peu présents et laxistes.
Pas mal de bugs, d'aliasing et de collisions étranges.
BILAN:
Encore un sacré jeu pour Rockstar, du GTA tout simplement, avec une durée de vie immense et une liberté inégalable. On s'amuse a tout instants, c'est vraiment addictif, on commence néanmoins a ressentir une pointe de déja vu après les 2 autres GTA mais c'est lèger.
Pour ma part, même si je trouve le jeu dingue, je le place un cran en dessous de Vice City, pour lequel j'ai vraiment eu un coup de coeur phénoménal.",2023-01-18,4,1,2023,negatif
34,34,0.059,0.848,0.092,0.8873,Grand Theft Auto : San Andreas,"Attaque de mon premier GTA avec ce que certains considèrent comme le meilleur.
Les points positifs :
une carte énorme, plein de recoins dans lesquels se promener, et des points de repères évidents de la californie, de San Francisco à Los Angeles, même si ces villes ne sont jamais citées
pas mal de missions sympas à réaliser, même si certaines nécessitent quand même d'y revenir un paquet (à moindre d'être un gamer confirmé, je suppose)
des digressions pas mal pour oseiller : pompier, ambulance, taxi, conducteur de tepus, transporteur de came illégale
les réglements de compte avec les gangs et l'intervention des flics qui amènent encore un peu de piment dans l'avancement
Les points qui mettent de l'ambiance mais qui n'ont aucun intérêt pour avancer dans la partie :
acheter des fringues, d'aller chez le coffeur ou le tatoueur
faire connaissance avec une fille, la draguer, sortir avec elle et coucher avec elle
la muscu (ou alors, j'ai pas compris un truc, en même temps je suis quasiment toujours au max)
Les points nullos :
les PNJ sont pas foufous en interaction, mais en même temps, on est sur un jeu vintage, on ne peut pas tout demander
les flics s'en foutent qu'on fasse des accidents avec des quidams devant eux, du moment qu'on n'a pas d'accident avec eux et qu'on ne sort pas notre flingue
J'aurais pu mettre en point nullos que c'est complètement immoral...
Mais en réalité, c'est aussi un des sels du jeu. Une sorte d'exutoire, tu peux dégommer qui tu veux, les flics sont des crétins et les femmes de la marchandise. On me rétorquera que les jeux video nous mènent à notre perte. Peut-être. Mais comme les films de Scorsese, alors. Et comme les bouquins d'Ellroy. Partout où tu mythifies les gangsters. Dans ce cas, interdisons tout ce qui pervertit l'âme. Ce sera là ou là qu'on arrivera.
Cela étant, reconnaissons que c'est aussi la raison pour laquelle, au-delà de son caractère divertissant, je ne peux complètement souscrire aux valeurs proposées, qui ne me semble pas offrir autre chose qu'une lecture au 1er degré. Mais peut-être n'ai-je pas vu ce second degré...",2022-07-19,27,7,2022,positif
35,35,0.0,1.0,0.0,-0.0271,Grand Theft Auto : San Andreas,... c'est pas un hasard si CJ à l'envers ça fait JC,2022-02-21,2,2,2022,negatif
36,36,0.0,1.0,0.0,0.0,Grand Theft Auto : San Andreas,"Un culte, rien de plus, rien de moins",2020-12-29,21,12,2020,neutre
37,37,0.06,0.802,0.138,0.9773,Grand Theft Auto : San Andreas,"Avis personnel.

GTA San Andreas : le meilleur opus de la série.

San Andreas, sorti initialement sur PS2 en 2004, à introduit tout un tas d'activités, dont la plupart n'ont jamais été réintégré dans les opus récents ou seulement dans des mises a jours sur GTA Online. Casino, courses de voitures, bateaux, avions, écoles de pilotages, épreuves de destruction derby, nascar, petites amies, salle de musculation, gestion de la faim, l'évolution du personnage tout au long de l'aventure, le fait de débloquer des nouvelles zones variés (campagne, désert, San Francisco, Las Vegas ou encore la Zone 51), l'énorme variété de véhicules ou les personnages plus loufoques les uns que les autres en font un jeu plus que complet.

La présence de nombreux easter eggs et références au cours de l'aventure (N.W.A, émeutes de Los Angeles en 1992, Men In Black, la légende de Roswell...) voir même la création de légendes par certains joueurs ont renforcer le mythe GTA à partir de cette opus.

Le jeu possède néanmoins quelques défauts, mais pour la plupart techniques, du à l'âge du moteur de jeu RenderWare. En effet les animations sont vraiments mauvaises pour la plupart, les graphismes en dessous de ce que la PS2 était capable de faire, et la version PC du jeu n'a reçu aucunes améliorations, elle possède même encore plus de bugs que la version originale, sorti quelques mois plus tôt.

Néanmoins, la présence de certains bugs donnent plus le sourire qu'autre chose et renforce le côté fun du jeu, car ceux-ci sont anodins.

En attendant une version remastérisé du jeu (je peux toujours rêver), GTA SA reste une référence incontournable de la série qui à su surpasser Vice City sur touts les points (à part peux-être l'ambiance 80s, Scarface etc..), et reste toujours plus complet que le mode solo de GTA 5, pourtant sorti 9 ans après.",2019-10-30,83,10,2019,positif
38,38,0.047,0.897,0.056,0.7508,Grand Theft Auto : San Andreas,"Pour noter ce jeu, il est nécessaire de se replonger en 2004.
Rockstar commencait à imprégner les jeux du système de jeu ""à la GTA"" c'est à dire en openworld complet avec diverses missions disponibles que l'on peut déclencher dans l'ordre que l'on souhaite. Le jeu étant plus fun en dehors des missions que pendant.
Avec Vice City et Liberty City on s'était habitué aux trois grands quartiers accessibles au fur et à mesure et aux cartes relativement grandes (une ville entière).

Et puis est arrivé SAN ANDREAS. TOUT LE MONDE se souvient de la tête qu'il a fait quand il a découvert la taille de la carte : Plusieurs villes, plusieurs décors (désert, ville, plaine, montagne, ...), la possibilité de voler à des altitudes impréssionnantes, la NECESSITE de prendre l'avion si on veut traverser la carte (alors qu'auparavant, 5 minutes en voitures suffisaient), les combats de quartier pour la possession de la ville, la nécessité d'entretenir la musculation huileuse de son personnage, ...

Ce jeu a révolutionné son genre. Et si son genre a de nouveau été par la suite révolutionné par la suite par le même éditeur, on n'oubliera jamais que SAN ANDREAS a marqué un pas important dans l'évolution des ""GTA-like""",2019-10-28,100,10,2019,positif
39,39,0.0,1.0,0.0,-0.0811,Grand Theft Auto : San Andreas,"Parce que PS2 ..
Parce que nostalgie...
Parce que GTA",2019-09-10,32,9,2019,negatif
40,40,0.038,0.834,0.128,0.8053,Grand Theft Auto : San Andreas,"L'un des tours de force de ce GTA réside sans nul doute dans sa réunion de plusieurs jeux en un seul. À l'époque c'était assez fou de pouvoir gérer sa nutrition, son poids, les conquêtes féminines, la conquête (et la défense) de territoires, de gérer son style (coiffure, tatouage, vêtements), tout en vivant une histoire couvrant de nombreuses heures de jeu. La map était immense, variée et dépourvue de temps de chargement entre chaque zone. Bref sur la toute fin de la PS2 Rockstar dégainait un titre immense, une inépuisable source de plaisir vidéoludique avec cette agréable sensation de découvrir de nouvelles possibilités à chaque session de jeu.",2020-10-02,71,10,2020,positif
41,41,0.226,0.774,0.0,-0.5439,Grand Theft Auto : San Andreas,"Je Vous Présente Des code de triche

https://gta.fandom.com/fr/wiki/Codes_dans_GTA_San_Andreas_(PS3)
https://gta.fandom.com/fr/wiki/Codes_dans_GTA_San_Andreas_(PS2)
https://gta.fandom.com/fr/wiki/Codes_dans_GTA_San_Andreas_(PS4)
https://gta.fandom.com/fr/wiki/Codes_dans_GTA_San_Andreas_(XBOX_ONE)
https://www.google.com/search?q=BJHZBBBDKJABDJKBDKZBADBKZABDKJAZBDKJAZBDJKAZDJBAJBKDBAZJK&rlz=1C1CHBF_frFR843FR843&oq=BJHZBBBDKJABDJKBDKZBADBKZABDKJAZBDKJAZBDJKAZDJBAJBKDBAZJK&aqs=chrome..69i57.3170j1j8&sourceid=chrome&ie=UTF-8",2019-04-16,250,4,2019,negatif
42,42,0.059,0.905,0.036,-0.3382,Grand Theft Auto : San Andreas,"Les avis ne sont que la retranscription des émotions de chacun.
La durée de vie du jeu avec de multiples missions annexes (qui peuvent être critiquées par certains) a permis de bercer l'enfance et l'adolescence de tant de monde. Ce GTA a
Incontournable",2019-03-16,114,3,2019,negatif
43,43,0.116,0.77,0.114,-0.0315,Grand Theft Auto : San Andreas,"Un monde encore plus grand, visionnaire pour l'époque, c'est maintenant la ligne directrice de tous les triples A actuels.
Mais proposer au joueur de sauter les missions, n'est-ce pas là le pire aveu de faiblesse qui soit ?",2023-04-27,202,4,2023,negatif
44,44,0.076,0.809,0.114,0.2598,Grand Theft Auto : San Andreas,"Comme pour son cousin ViceCity ici aussi les graphismes sont et les mouvements sont limités mais à la grande différence c'est que la carte proposée est bien plus intéressante dans ce jeu que dans l'autre, ce qui en fait selon moi un bon jeu sympa à jouer.",2017-07-04,124,7,2017,positif
45,45,0.035,0.844,0.121,0.8009,Grand Theft Auto : San Andreas,"Un jeu auquel on peut jouer des mois (voir des années !) sans se lasser. 12 ans après sa sortie j'y joue encore régulièrement et l'ambiance de la cote Ouest américaine me berce toujours autant...Entre la campagne qui à une durée de vie vraiment pas mal, l'ambiance californienne ou ouest sauvage (au choix!) et les stations de radios (KDST et Radio X <3 ) qui régalent nos oreilles, on ne peux rien lui reprocher!",2016-10-01,178,10,2016,positif
46,46,0.066,0.697,0.238,0.8908,Grand Theft Auto : San Andreas,"À part si vous êtes tombé amoureux des derniers softs et que vous souhaitez revenir progressivement aux sources, vous trouverez que ce jeu a perdu de sa superbe étant donné que sa plus grande prouesse était d'offrir un open world très intéractif. On a fait mieux depuis.
À l'époque, c'etait quand même une tuerie ce jeu !",2016-08-17,146,8,2016,positif
47,47,0.033,0.889,0.078,0.867,Grand Theft Auto : San Andreas,"Excellent jeu ! Tout simplement l'un des meilleurs GTA ! Pour moi, le point fort de ce jeu est la durée de vie (103 missions aux total, une vingtaines de missions secondaires) et il y a beaucoup de nouveauté. Et le point faible est les graphismes (bug en particulier). La ville est très grande et varié au niveau des paysages.

Les nouveautés : on peut nager et grimper, conduire des motos, des Quads, des vélos, des trains, des tracteurs, des caddies de golf, des moissonneuses-batteuses ainsi qu'un jetpack de l'armée et un hydroglisseur, modifier nos véhicules, manger, modifier C.J. (mettre en gros, maigre, musclé, avoir beaucoup ou peu de sex-appeal, modifier ses vêtements,...), avoir des copines (6 aux totales).

Bref, la liberté ! Les missions sont assez variés. Bref, c'est excellent jeu et il y a beaucoup de nouveauté pour ce GTA !",2016-07-20,224,7,2016,positif
48,48,0.108,0.787,0.105,0.6767,Grand Theft Auto : San Andreas,"☐ Je ne conseillerai pas ce jeu même à mon pire ennemi
☐ Les fans du genre 
☑ Les casual gamers 
☑ Tout public
☐ Les joueurs qui aiment la survie
☐ Les PGM sud-coréens

☼ Graphismes :

☐ À vomir par terre
☐ Très mauvais
☐ Mauvais
☑ Corrects
☐ Bons
☐ Très bons
☐ Beaux à en chialer ( Quand tout est en Ultra )

€ Qualité/prix : 

☐ Demandez un pret a votre banque
☐ Il faudrait payer pour profiter pleinement
☐ Attendez une promo
☑ Abordable
☐ Pas cher 
☐ Gratuit

€ Configuration PC recommandée (pour la version PC du jeu)

☐ L'ordi de ma grand mère
☐ Entrée de gamme
☑ Milieu de gamme
☐ Haut de gamme 
☐ Un PC de la NASA

☼ La prise en main :

☐ Inné
☑ Facile
☐ Se prend en mains en quelques parties
☐ Difficile
☐ Nécessite l'implantation d'un nouveau bras

€ Durée de vie :

☐ Moins longtemps qu'une mouche
☐ Breve
☐ Plusieurs heures
☐ Plusieurs dizaines d'heures
☑ Plusieurs centaines d'heures

§ Récurance de bug :

☐ Le jeu est une sorte de gros bug en phase terminal
☐ Les bugs gène le gameplay
☐ Les bugs ne gène pas le gameplay mais sont présent
☑ Quelques bugs
☐ Le jeu est codé à la perfection


Avis général :


☐ N'y jouez pas
☐ À vos risques et périls
☐ À essayer
☑ Ne perdez pas plus de temps et jouez-y!
☐ Un must!",2017-05-21,248,5,2017,positif
49,49,0.084,0.847,0.069,-0.7562,Grand Theft Auto : San Andreas,"Que de nostalgie dans ce jeu ! J'y avais bien touché sur Playstation 2 il y a maintenant quelques années, et ce jeu m'avait marqué assez profondément. J'en garde de nombreux souvenirs et, naturellement, y jouer me manquait depuis déjà trop longtemps !
J'ai recommencé le jeu, récemment, en m'attaquant au remake sur la 360. Bon, je ne vais nullement m'attarder sur l'histoire et sur le contenu, connus de (presque) tous.
J'ai malheureusement pu remarquer un bug coupant tout son du jeu lors de certaines cinématiques, sans parler du visage de CJ qui, par moment, fait peine à voir. Notons aussi la présence de quelques lags par ci par là. Mais ce ne sont heureusement que des problèmes passagers ! Car en dehors de ça, ce remake fait extrêmement plaisir à voir ! Je n'ai graphiquement rien à reprocher à ce jeu mythique étant donné qu'il date de 2004, et encore moins au gameplay, dont le seul changement sont l'attribution des touches, à laquelle je me suis très rapidement adapté.
Je regrette naturellement quelques fonctionnalités des GTA plus récents, mais cela va sans dire : San Andreas restera l'un voire le plus légendaire de la licence !",2016-03-07,216,3,2016,negatif
50,50,0.09,0.857,0.053,-0.8388,Grand Theft Auto : San Andreas,"Mon premier jeux video sur Playstation 2. L'un des meilleurs. On ne peut que regretter ce temps révolu. J'avais 7 ans et je portais une mitraillette sur la main. Cette mitraillette se trouve toujours sur le toit d'un motel rouge, près d'un tunnel.
Il y a différents groupes de gangs. Les deux potes de Carl vont le trahir. Le code du jeu pour avoir des armes est croix carré rond triangle R1 R2 L1 L2. Bref, il y a tellement de choses à dire sur ce jeu. Je les laisse dans mes souvenirs.",2017-08-22,171,8,2017,negatif
51,51,0.0,0.625,0.375,0.784,Grand Theft Auto : San Andreas,"Pour ma part,GTA SA est le meilleur jeu vidéo auquel j'ai joué.",2016-02-19,25,2,2016,positif
52,52,0.0,0.945,0.055,0.6322,Grand Theft Auto : San Andreas,"GTA San Andreas, c'est :
- un sentiment de liberté totale,
- un photographie, ou plutôt une caricature, de la West coast/Nevada (que j’ai visités dans la vie réelle au même moment),
- une ambiance ""gangsta"" des années 90

C'est la formule initiée par GTA 3 qui se voit transcendée à tous niveaux et qui préfigure, 10 ans avant, l'immense GTA V.",2017-03-06,189,3,2017,positif
53,53,0.191,0.766,0.043,-0.9135,Grand Theft Auto : San Andreas,"CJ était revenu enterrer sa mère et s'est retrouvé embarqué dans un vrai merdier.
Incarnez un gangster noir et survivez aux guerres de gangs, flics corrompus, dealers complotistes, gouvernement, à l'armée voir même au citoyen lambda.
Pour cela vous pouvez go muscu, apprendre à piloter un avion de chasse, à mieux tirer ou même passer vous acheter quelques vêtements aux couleurs du gang etc...

Un peu bordélique par moments mais toujours jouissif. A malheureusement très mal vieilli niveau graphismes. :-(",2016-09-09,159,9,2016,negatif
54,54,0.0,0.789,0.211,0.8207,Grand Theft Auto : San Andreas,"Ce GTA est selon moi le meilleur toutes générations confondus de par son histoire, ses mystères, ses personnages, et son gameplay
La bande originale est aussi très très bien (petite mension à vice city)",2016-01-25,152,1,2016,positif
55,55,0.0,0.671,0.329,0.8689,Grand Theft Auto : San Andreas,"De loin le meilleur de la série et pour longtemps je pense. Durée de vie impressionnante, jeux et histoire parfaite.
À très vite.",2017-05-26,35,5,2017,positif
56,56,0.205,0.795,0.0,-0.2023,Grand Theft Auto : San Andreas,"Moins trois points le film était nulle
#tmtc",2015-12-22,28,12,2015,negatif
57,57,0.0,0.625,0.375,0.8483,Grand Theft Auto : San Andreas,Une impression de liberté lors de l'essai .... Liberté infiniment plus grande lors de l'essai de son succésseur !!,2015-09-23,38,9,2015,positif
58,58,0.075,0.63,0.295,0.9822,Grand Theft Auto : San Andreas,"Grand Theft Auto San Andreas ! Un jeu auquel j'ai joué et rejoué maintes et maintes fois et qui tourne toujours dans la bonne vieille playstation 2 même 10 ans après. C'est le meilleur GTA ! On s'attache aux personnages, l'histoire est intéressante, parfois drôle avec des missions qui sont très plaisante à jouer. Sans parler de la ""bande-son"".. Des chansons très bien choisies. GTA V à peut être de bon graphique mais San Andreas reste le meilleur. Bien dommage que le réadaptation sur Xbox 360 n'est pas au top ! Un San Andreas avec une bonne qualité aurait eu un énorme succès !",2015-07-09,599,7,2015,positif
59,59,0.096,0.845,0.058,-0.3147,Grand Theft Auto : San Andreas,"Le graphisme est pas mal et on devient vite accro .
Ce jeu contient meme des mystère (aliens fantome..) mais est destiné aux MAJEURS.",2015-07-03,26,7,2015,negatif
60,60,0.0,0.779,0.221,0.5259,Grand Theft Auto : San Andreas,"Ça y est j'ai enfin terminé ce jeu culte...
Trop bon !",2015-02-14,122,2,2015,positif
61,61,0.018,0.827,0.155,0.8927,Grand Theft Auto : San Andreas,"Un jeu culte auquel je n'ai eu la chance de jouer qu'en 2012 sur PS2. Malgré les graphismes qui ont mal vieillis, l'espace jouable dans le jeu reste immense et m'impressionne toujours. Une ambiance très bien travaillée avec une variété de station de radio très plaisante. Une palette d'environnement très variée, du désert à la montagne.
Un personnage très attachant, et une histoire vraiment travaillée et longue.
Je tiens à rajouter aussi que la durée de vie du jeu est très longue.",2015-01-21,187,1,2015,positif
62,62,0.0,1.0,0.0,-0.1124,Grand Theft Auto : San Andreas,J'ai acheté la playstation 2 rien que pour ce jeu !!!,2015-01-12,69,1,2015,negatif
63,63,0.0,0.767,0.233,0.8813,Grand Theft Auto : San Andreas,"Un jeu parfait pour l'époque, et honnêtement quand on voit ce qu'ils ont fait depuis, ça reste une référence... GTA 4 optimisé avec les pieds, GTA 5 qui se laisse désirer... Ca reste mon coup de coeur.",2014-09-01,185,9,2014,positif
64,64,0.109,0.753,0.138,0.2883,Grand Theft Auto : San Andreas,"Que dire sur ce jeu si vous n'y avez pas déjà joué ?
Espaces immenses
explosions à gogo
libertée totale,
folie meurtrière...
Un vrai bon GTA",2014-08-23,57,8,2014,positif
65,65,0.03,0.805,0.165,0.8908,Grand Theft Auto : San Andreas,"Pour tous les bons souvenirs que j'ai sur ce jeu en coop, ça vaut bien ce 9.
Une carte immense, des possibilités de jeu très multiples, les graphismes (à l'époque) étaient pas si dégueu que ça. Le jeu qui a bercé toute mon adolescence, avec ses rires, ses coups de rage, etc. On se battait dans le groupe pour qu'on puisse l'avoir deux trois semaines histoire d'y jouer chez soi, puis on revenait pour y jouer à plusieurs... Ahhh nostalgie quand tu nous tiens...",2015-04-30,217,4,2015,positif
66,66,0.067,0.788,0.145,0.7166,Grand Theft Auto : San Andreas,"Une carte vraiment immense, on pourrait penser que c'est bien, oui pour une partie des joueurs. Pour l'autre dont je fais partie, se retrouver perdu à pied dans la campagne/désert ou devoir traverser même en véhicule n'est pas super. Puis les histoires de gangstas sont pas très intéressantes.

Sinon bien sûr que le grand nombre de nouveautés sont les bienvenues mais voilà ce trop plein à tendance à ne pas m'attirer. Je me laisse alors + tenter par l'ambiance et le charme de Vice City.",2014-02-12,268,2,2014,positif
67,67,0.0,0.682,0.318,0.6988,Grand Theft Auto : San Andreas,Le meilleur de tout les GTA même que GTA 5,2013-12-02,47,12,2013,positif
68,68,0.088,0.821,0.092,0.6804,Grand Theft Auto : San Andreas,"En enchaînant le début de GTA III et la totalité de Vice City, j'avais été surpris des progrès accomplis par Rockstar à plus ou moins tout les niveaux. Certes ce San Andreas a pris deux ans à sortir contre une seule pour son grand frère mais force est de constater que l'écart est une nouvelle fois conséquent.


Le gameplay a une nouvelle fois été amélioré à tous les aspects, aussi bien la conduite que les fusillades.

Terrain de jeu probablement quatre ou cinq fois plus large, de l'inédit pour l'époque et en plus d'une grande variété.

Amélioration de la personnalisation du héros (même si je trouve l'aspect diététique-sportif foiré).

Gros travail sur le scénario et les cinématiques plus poussés.

Excellente gestion de la difficulté. Les 20-30 premières missions sont assez simples et le curseur monte petit à petit. Même à la fin du jeu on reste loin de Vice City où je peux citer au moins cinq ou six m'ayant bloqué au moins une heure. Là je crois qu'aucune mission ne m'a demandé plus de 4 ou 5 essais hormis la deuxième mission de Zéro (j'ai simplement abandonné, elle est facultative).

Ajout des vélos et des avions.


Je n'ai finalement que très peu de réserve sur le jeu. Je trouve la B.O. moins marquante que celle de GTA VC et peut-être que comme RDR II récemment, le jeu aurait gagné à être raccourci de quelques missions.",2019-04-17,102,4,2019,positif
69,69,0.0,1.0,0.0,0.0,Grand Theft Auto : San Andreas,I'm bout that life.,2013-05-11,122,5,2013,neutre
70,70,0.038,0.834,0.128,0.8053,Grand Theft Auto : San Andreas,"L'un des tours de force de ce GTA réside sans nul doute dans sa réunion de plusieurs jeux en un seul. À l'époque c'était assez fou de pouvoir gérer sa nutrition, son poids, les conquêtes féminines, la conquête (et la défense) de territoires, de gérer son style (coiffure, tatouage, vêtements), tout en vivant une histoire couvrant de nombreuses heures de jeu. La map était immense, variée et dépourvue de temps de chargement entre chaque zone. Bref sur la toute fin de la PS2 Rockstar dégainait un titre immense, une inépuisable source de plaisir vidéoludique avec cette agréable sensation de découvrir de nouvelles possibilités à chaque session de jeu.",2020-10-02,71,10,2020,positif
71,71,0.226,0.774,0.0,-0.5439,Grand Theft Auto : San Andreas,"Je Vous Présente Des code de triche

https://gta.fandom.com/fr/wiki/Codes_dans_GTA_San_Andreas_(PS3)
https://gta.fandom.com/fr/wiki/Codes_dans_GTA_San_Andreas_(PS2)
https://gta.fandom.com/fr/wiki/Codes_dans_GTA_San_Andreas_(PS4)
https://gta.fandom.com/fr/wiki/Codes_dans_GTA_San_Andreas_(XBOX_ONE)
https://www.google.com/search?q=BJHZBBBDKJABDJKBDKZBADBKZABDKJAZBDKJAZBDJKAZDJBAJBKDBAZJK&rlz=1C1CHBF_frFR843FR843&oq=BJHZBBBDKJABDJKBDKZBADBKZABDKJAZBDKJAZBDJKAZDJBAJBKDBAZJK&aqs=chrome..69i57.3170j1j8&sourceid=chrome&ie=UTF-8",2019-04-16,250,4,2019,negatif
72,72,0.059,0.905,0.036,-0.3382,Grand Theft Auto : San Andreas,"Les avis ne sont que la retranscription des émotions de chacun.
La durée de vie du jeu avec de multiples missions annexes (qui peuvent être critiquées par certains) a permis de bercer l'enfance et l'adolescence de tant de monde. Ce GTA a
Incontournable",2019-03-16,114,3,2019,negatif
73,73,0.116,0.77,0.114,-0.0315,Grand Theft Auto : San Andreas,"Un monde encore plus grand, visionnaire pour l'époque, c'est maintenant la ligne directrice de tous les triples A actuels.
Mais proposer au joueur de sauter les missions, n'est-ce pas là le pire aveu de faiblesse qui soit ?",2023-04-27,202,4,2023,negatif
74,74,0.076,0.809,0.114,0.2598,Grand Theft Auto : San Andreas,"Comme pour son cousin ViceCity ici aussi les graphismes sont et les mouvements sont limités mais à la grande différence c'est que la carte proposée est bien plus intéressante dans ce jeu que dans l'autre, ce qui en fait selon moi un bon jeu sympa à jouer.",2017-07-04,124,7,2017,positif
75,75,0.035,0.844,0.121,0.8009,Grand Theft Auto : San Andreas,"Un jeu auquel on peut jouer des mois (voir des années !) sans se lasser. 12 ans après sa sortie j'y joue encore régulièrement et l'ambiance de la cote Ouest américaine me berce toujours autant...Entre la campagne qui à une durée de vie vraiment pas mal, l'ambiance californienne ou ouest sauvage (au choix!) et les stations de radios (KDST et Radio X <3 ) qui régalent nos oreilles, on ne peux rien lui reprocher!",2016-10-01,178,10,2016,positif
76,76,0.066,0.697,0.238,0.8908,Grand Theft Auto : San Andreas,"À part si vous êtes tombé amoureux des derniers softs et que vous souhaitez revenir progressivement aux sources, vous trouverez que ce jeu a perdu de sa superbe étant donné que sa plus grande prouesse était d'offrir un open world très intéractif. On a fait mieux depuis.
À l'époque, c'etait quand même une tuerie ce jeu !",2016-08-17,146,8,2016,positif
77,77,0.033,0.889,0.078,0.867,Grand Theft Auto : San Andreas,"Excellent jeu ! Tout simplement l'un des meilleurs GTA ! Pour moi, le point fort de ce jeu est la durée de vie (103 missions aux total, une vingtaines de missions secondaires) et il y a beaucoup de nouveauté. Et le point faible est les graphismes (bug en particulier). La ville est très grande et varié au niveau des paysages.

Les nouveautés : on peut nager et grimper, conduire des motos, des Quads, des vélos, des trains, des tracteurs, des caddies de golf, des moissonneuses-batteuses ainsi qu'un jetpack de l'armée et un hydroglisseur, modifier nos véhicules, manger, modifier C.J. (mettre en gros, maigre, musclé, avoir beaucoup ou peu de sex-appeal, modifier ses vêtements,...), avoir des copines (6 aux totales).

Bref, la liberté ! Les missions sont assez variés. Bref, c'est excellent jeu et il y a beaucoup de nouveauté pour ce GTA !",2016-07-20,224,7,2016,positif
78,78,0.108,0.787,0.105,0.6767,Grand Theft Auto : San Andreas,"☐ Je ne conseillerai pas ce jeu même à mon pire ennemi
☐ Les fans du genre 
☑ Les casual gamers 
☑ Tout public
☐ Les joueurs qui aiment la survie
☐ Les PGM sud-coréens

☼ Graphismes :

☐ À vomir par terre
☐ Très mauvais
☐ Mauvais
☑ Corrects
☐ Bons
☐ Très bons
☐ Beaux à en chialer ( Quand tout est en Ultra )

€ Qualité/prix : 

☐ Demandez un pret a votre banque
☐ Il faudrait payer pour profiter pleinement
☐ Attendez une promo
☑ Abordable
☐ Pas cher 
☐ Gratuit

€ Configuration PC recommandée (pour la version PC du jeu)

☐ L'ordi de ma grand mère
☐ Entrée de gamme
☑ Milieu de gamme
☐ Haut de gamme 
☐ Un PC de la NASA

☼ La prise en main :

☐ Inné
☑ Facile
☐ Se prend en mains en quelques parties
☐ Difficile
☐ Nécessite l'implantation d'un nouveau bras

€ Durée de vie :

☐ Moins longtemps qu'une mouche
☐ Breve
☐ Plusieurs heures
☐ Plusieurs dizaines d'heures
☑ Plusieurs centaines d'heures

§ Récurance de bug :

☐ Le jeu est une sorte de gros bug en phase terminal
☐ Les bugs gène le gameplay
☐ Les bugs ne gène pas le gameplay mais sont présent
☑ Quelques bugs
☐ Le jeu est codé à la perfection


Avis général :


☐ N'y jouez pas
☐ À vos risques et périls
☐ À essayer
☑ Ne perdez pas plus de temps et jouez-y!
☐ Un must!",2017-05-21,248,5,2017,positif
79,79,0.084,0.847,0.069,-0.7562,Grand Theft Auto : San Andreas,"Que de nostalgie dans ce jeu ! J'y avais bien touché sur Playstation 2 il y a maintenant quelques années, et ce jeu m'avait marqué assez profondément. J'en garde de nombreux souvenirs et, naturellement, y jouer me manquait depuis déjà trop longtemps !
J'ai recommencé le jeu, récemment, en m'attaquant au remake sur la 360. Bon, je ne vais nullement m'attarder sur l'histoire et sur le contenu, connus de (presque) tous.
J'ai malheureusement pu remarquer un bug coupant tout son du jeu lors de certaines cinématiques, sans parler du visage de CJ qui, par moment, fait peine à voir. Notons aussi la présence de quelques lags par ci par là. Mais ce ne sont heureusement que des problèmes passagers ! Car en dehors de ça, ce remake fait extrêmement plaisir à voir ! Je n'ai graphiquement rien à reprocher à ce jeu mythique étant donné qu'il date de 2004, et encore moins au gameplay, dont le seul changement sont l'attribution des touches, à laquelle je me suis très rapidement adapté.
Je regrette naturellement quelques fonctionnalités des GTA plus récents, mais cela va sans dire : San Andreas restera l'un voire le plus légendaire de la licence !",2016-03-07,216,3,2016,negatif
80,80,0.075,0.825,0.099,0.8746,Grand Theft Auto : San Andreas,"Le meilleur Gta tout simplement avec ses personnages cultes sa maps gigantesque et son histoire remplis de rebondissements !

Chacun son Gta favoris moi c'est celui ci , j'aime beaucoup Gta IV et Gta V mais San Andreas c'est mon adolescence , CJ , Sweet , Big Smoke , Ryder , Tenpenny , OG Loc , la guerre des gangs , l'ambiance du ghetto , conduire une voiture remplis des membres de Grove Street dans le territoire des Ballas Radio Los Santos a fond pendant que sa mitraille , conduire dans la campagne K-Rose et toutes ses musiques cultes a fond dans la voiture (c'est ce jeu qui m'a fait aimé la country et pleins d'autres musiques que j'écoute encore aujourd'hui) , s'habiller au couleurs de Grove Street a Los Santos , comme un Citoyen lambda a San Fierro , comme un Mac a Las Venturas et j'en passe on avait plus de liberté que dans les Gta suivants et précédents

l'Histoire était génial en particulier le début et la fin a Los Santos de toute façon a par quand j'y était obligé je quittais rarement le Ghetto la guerre des gangs c'était mon passe temp favoris x)

Je comprend que la nouvelle génération ne soit pas impressionné par ce jeu c'est normal mais pour nous c'était un truc de fou , moi même j'ai essayer de joué a Gta 3 plus tard mais la sauce a pas pris parce que j'ai commencé par San Andreas , j'ai vite fait joué a Vice City une ou deux fois avec mes cousins quand j'étais petit mais pas assez pour le juger

Gta San Andreas est a jamais un classique !",2023-11-04,4,11,2023,positif
81,81,0.0,1.0,0.0,0.0,Grand Theft Auto : San Andreas,"Gameplay = 3,5/5
Graphisme = 3,5/5
Technique et DA = 3/5
Histoire = 3,5/5
Total = 13,5/20",2023-11-08,7,11,2023,neutre
82,82,0.0,1.0,0.0,0.0,Grand Theft Auto : San Andreas,"9,5",2023-07-03,0,7,2023,neutre
83,83,0.091,0.829,0.08,-0.4789,Grand Theft Auto : San Andreas,"QUALITES:
Une carte incroyablement gigantesque ! ils ont repoussé toutes les limites de grandeur, on met des jours et des jours pour faire le tour complet des environs.
La possibilité sympa de faire évoluer son perso physiquement et de le fringuer.
Une ambiance gansta de rue a la Los Angeles carrément bien rendue et immersive.
Graphiquement on est monté d'un ton, c'est plus joli et plus détaillé.
Un nombre de missions ahurissantes et passionnantes font durer le plaisir de jeu de longs mois!
Le fun hors missions est poussé au maximum, c'est une incitation à se distraire de toutes les manières possibles.
Encore une sacrée éclate manette en main, en voiture, en moto, a la campagne, dans les cartels, y'en a pour tout le monde.
DEFAUTS:
Même s'il est plus beau que son ainé, pour une PS2 de 2004 on ne tombe pas de sa chaise pour l'animation et les décors.
J'ai moins accroché au style rap gangsta, moins dans mon délire, question de goût, je me suis davantage senti dans le coup a vice city.
Les guerres de territoires de gangs, plutôt bien pensées, deviennent franchement chiantes avec le temps, on passe son temps a devoir faire des allers retours pour protéger son territoire a coups de fusillades répétitives.
Les flics trop peu présents et laxistes.
Pas mal de bugs, d'aliasing et de collisions étranges.
BILAN:
Encore un sacré jeu pour Rockstar, du GTA tout simplement, avec une durée de vie immense et une liberté inégalable. On s'amuse a tout instants, c'est vraiment addictif, on commence néanmoins a ressentir une pointe de déja vu après les 2 autres GTA mais c'est lèger.
Pour ma part, même si je trouve le jeu dingue, je le place un cran en dessous de Vice City, pour lequel j'ai vraiment eu un coup de coeur phénoménal.",2023-01-18,4,1,2023,negatif
84,84,0.059,0.848,0.092,0.8873,Grand Theft Auto : San Andreas,"Attaque de mon premier GTA avec ce que certains considèrent comme le meilleur.
Les points positifs :
une carte énorme, plein de recoins dans lesquels se promener, et des points de repères évidents de la californie, de San Francisco à Los Angeles, même si ces villes ne sont jamais citées
pas mal de missions sympas à réaliser, même si certaines nécessitent quand même d'y revenir un paquet (à moindre d'être un gamer confirmé, je suppose)
des digressions pas mal pour oseiller : pompier, ambulance, taxi, conducteur de tepus, transporteur de came illégale
les réglements de compte avec les gangs et l'intervention des flics qui amènent encore un peu de piment dans l'avancement
Les points qui mettent de l'ambiance mais qui n'ont aucun intérêt pour avancer dans la partie :
acheter des fringues, d'aller chez le coffeur ou le tatoueur
faire connaissance avec une fille, la draguer, sortir avec elle et coucher avec elle
la muscu (ou alors, j'ai pas compris un truc, en même temps je suis quasiment toujours au max)
Les points nullos :
les PNJ sont pas foufous en interaction, mais en même temps, on est sur un jeu vintage, on ne peut pas tout demander
les flics s'en foutent qu'on fasse des accidents avec des quidams devant eux, du moment qu'on n'a pas d'accident avec eux et qu'on ne sort pas notre flingue
J'aurais pu mettre en point nullos que c'est complètement immoral...
Mais en réalité, c'est aussi un des sels du jeu. Une sorte d'exutoire, tu peux dégommer qui tu veux, les flics sont des crétins et les femmes de la marchandise. On me rétorquera que les jeux video nous mènent à notre perte. Peut-être. Mais comme les films de Scorsese, alors. Et comme les bouquins d'Ellroy. Partout où tu mythifies les gangsters. Dans ce cas, interdisons tout ce qui pervertit l'âme. Ce sera là ou là qu'on arrivera.
Cela étant, reconnaissons que c'est aussi la raison pour laquelle, au-delà de son caractère divertissant, je ne peux complètement souscrire aux valeurs proposées, qui ne me semble pas offrir autre chose qu'une lecture au 1er degré. Mais peut-être n'ai-je pas vu ce second degré...",2022-07-19,27,7,2022,positif
85,85,0.0,1.0,0.0,-0.0271,Grand Theft Auto : San Andreas,... c'est pas un hasard si CJ à l'envers ça fait JC,2022-02-21,2,2,2022,negatif
86,86,0.0,1.0,0.0,0.0,Grand Theft Auto : San Andreas,"Un culte, rien de plus, rien de moins",2020-12-29,21,12,2020,neutre
87,87,0.06,0.802,0.138,0.9773,Grand Theft Auto : San Andreas,"Avis personnel.

GTA San Andreas : le meilleur opus de la série.

San Andreas, sorti initialement sur PS2 en 2004, à introduit tout un tas d'activités, dont la plupart n'ont jamais été réintégré dans les opus récents ou seulement dans des mises a jours sur GTA Online. Casino, courses de voitures, bateaux, avions, écoles de pilotages, épreuves de destruction derby, nascar, petites amies, salle de musculation, gestion de la faim, l'évolution du personnage tout au long de l'aventure, le fait de débloquer des nouvelles zones variés (campagne, désert, San Francisco, Las Vegas ou encore la Zone 51), l'énorme variété de véhicules ou les personnages plus loufoques les uns que les autres en font un jeu plus que complet.

La présence de nombreux easter eggs et références au cours de l'aventure (N.W.A, émeutes de Los Angeles en 1992, Men In Black, la légende de Roswell...) voir même la création de légendes par certains joueurs ont renforcer le mythe GTA à partir de cette opus.

Le jeu possède néanmoins quelques défauts, mais pour la plupart techniques, du à l'âge du moteur de jeu RenderWare. En effet les animations sont vraiments mauvaises pour la plupart, les graphismes en dessous de ce que la PS2 était capable de faire, et la version PC du jeu n'a reçu aucunes améliorations, elle possède même encore plus de bugs que la version originale, sorti quelques mois plus tôt.

Néanmoins, la présence de certains bugs donnent plus le sourire qu'autre chose et renforce le côté fun du jeu, car ceux-ci sont anodins.

En attendant une version remastérisé du jeu (je peux toujours rêver), GTA SA reste une référence incontournable de la série qui à su surpasser Vice City sur touts les points (à part peux-être l'ambiance 80s, Scarface etc..), et reste toujours plus complet que le mode solo de GTA 5, pourtant sorti 9 ans après.",2019-10-30,83,10,2019,positif
88,88,0.047,0.897,0.056,0.7508,Grand Theft Auto : San Andreas,"Pour noter ce jeu, il est nécessaire de se replonger en 2004.
Rockstar commencait à imprégner les jeux du système de jeu ""à la GTA"" c'est à dire en openworld complet avec diverses missions disponibles que l'on peut déclencher dans l'ordre que l'on souhaite. Le jeu étant plus fun en dehors des missions que pendant.
Avec Vice City et Liberty City on s'était habitué aux trois grands quartiers accessibles au fur et à mesure et aux cartes relativement grandes (une ville entière).

Et puis est arrivé SAN ANDREAS. TOUT LE MONDE se souvient de la tête qu'il a fait quand il a découvert la taille de la carte : Plusieurs villes, plusieurs décors (désert, ville, plaine, montagne, ...), la possibilité de voler à des altitudes impréssionnantes, la NECESSITE de prendre l'avion si on veut traverser la carte (alors qu'auparavant, 5 minutes en voitures suffisaient), les combats de quartier pour la possession de la ville, la nécessité d'entretenir la musculation huileuse de son personnage, ...

Ce jeu a révolutionné son genre. Et si son genre a de nouveau été par la suite révolutionné par la suite par le même éditeur, on n'oubliera jamais que SAN ANDREAS a marqué un pas important dans l'évolution des ""GTA-like""",2019-10-28,100,10,2019,positif
89,89,0.0,1.0,0.0,-0.0811,Grand Theft Auto : San Andreas,"Parce que PS2 ..
Parce que nostalgie...
Parce que GTA",2019-09-10,32,9,2019,negatif
90,90,0.0,0.79,0.21,0.9169,Grand Theft Auto : San Andreas,"Ce jeux est un diamant brut, c'est un bijoux, il a été fait par Dieu.
Des heures, des journées d'amusement sans jamais se lasser, des moments magiques à se balader d'un bout à l'autre de la carte. Il y a tellement de chose à faire dans ce jeu que c'est juste un bonheur de pouvoir y jouer.",2014-03-16,308,3,2014,positif
91,91,0.063,0.839,0.099,0.9664,Grand Theft Auto : San Andreas,"Oui une prouesse, Grand Theft Auto San Andreas est le digne successeur de VIce City lui même ayant atteint un excellent niveau. San Andreas encore aujourd'hui considéré pour la plupart comme le jeu le plus aboutit de la licence n'est autre que le jeu qui a réalisé le plus de ventes sur PS2 (tout de suite ça en impose).

GTA San Andreas prend place au cœur des années 90' au milieu des gangs de Los Santos et des casinos de Las Venturas. Le titre nous propose un terrain de jeu immense séparé en trois grandes îles, chacune abritant une ville représentative des grandes mégapoles américaines (Los Angeles, San Francisco et Las Vegas), ceci laissant au joueur une grande liberté d'action. Même après quelques centaines d'heures de jeu il sera difficile d'affirmer avoir découvert toute la carte, celle-ci étant non pas composée que de villes comme ses prédécesseurs mais bien de forêts, d'un désert et d'une montagne, ces environnements sont nouveaux dans la saga et font bonne impression. Comme je l'ai dit plus haut l'action prend place au cœur d'un gang, la ville de Los Santos étant déchirée par la guerre des gangs, on incarne Carl Johnson (CJ) qui renouera avec son passé de gangster et reprendra du service dans le gang de Groove Street, une immersion fort bien réussie par les gars de chez Rockstar qui nous plongent dans cet univers avec des dialogues prenants non pas dénués d'insultes en tout genre. Question gameplay on retrouve ni plus ni moins un gameplay semblable à ses prédécesseurs mais ceci amélioré, on aura toujours de nombreuses armes et une infinité de véhicules avec en nouveauté les attrayants avions de chasses et autre aéroglisseurs. De nouveaux types de véhicules qui pour moi font la force de ce GTA, qui ne se souvient pas des BMX ou des Quads ? Je décerne encore une fois une médaille à Rockstar pour la bande son de leur jeu, des radios prenantes (Radio X, KDST...) qui pourront nous transposer ne serais-ce qu'un instant au cœur des banlieues de Los Santos. Guns N'Roses, Depeche Mode, Faith No More, Lynyrd Skynyrd ou encore Ozzy Osbourne, la liste est longue passant de la country au Rap américain, Rockstar nous gratifie pleinement d'une soundtrack d'exception. Chose sure vous ne vous ennuierez pas en jouant à San Andreas, petits boulots, objets cachés dans les recoins de la ville, personnalisation des véhicules et du personnage, on a là de quoi passer un temps fou si l'on souhaite explorer le jeu de fond en comble !

San Andreas est LE jeu en monde ouvert sur PS2 à tester au moins une fois dans sa vie, même si mon cœur penche plus du côté de Vice City, San Andreas ne m'a pas laissé neutre et m'a donné du bon temps entre ami à arpenter les rues de Los Santos grâce au mode multijoueur inédit dans la saga. Un incontournable pour tous possesseurs de PS2.",2013-12-14,318,12,2013,positif
92,92,0.0,0.671,0.329,0.691,Grand Theft Auto : San Andreas,"Le meilleur GTA de la série, en attendant le V...",2012-12-06,285,12,2012,positif
93,93,0.136,0.825,0.039,-0.8452,Grand Theft Auto : San Andreas,"On rigole bien, on mange gras, on tue des immigrés russes...
Et d'un coup, James Woods arrive.
LE James Woods.
Et là le jeu devient fou !

Trip paranoïaque aggravé, théories du complot, pilotage d'engins volants en tous genres...
Toute la storyline liée à James Woods est absolument mortelle.

Pour tout le reste il y a la carte American Express dans une main, et l'UZI dans l'autre.",2011-12-11,275,12,2011,negatif
94,94,0.074,0.806,0.12,0.6154,Grand Theft Auto : San Andreas,"Ce n'est pas LE jeu sans fin qu'on emmène avec soi sur une île déserte (déserte mais avec le courant, un écran plat, une console, etc... ), car il a un début... et une fin malheureusement.
On appelle ça un scénario.

Et quel scénario !

Je l'ai fini depuis belle lurette, mais je ne peux me résoudre à couper le cordon (wireless).
Suis-je le seul à y revenir de temps en temps, pour le simple plaisir de traverser paisiblement la carte en écoutant de la musique ?",2012-02-04,299,2,2012,positif
95,95,0.0,1.0,0.0,0.0,Grand Theft Auto : San Andreas,M'ouais.,2011-01-21,278,1,2011,neutre
96,96,0.161,0.839,0.0,-0.7212,Grand Theft Auto : San Andreas,"GTA au pays des sims... manger des hamburgers, prendre du poids, faire du vélo, perdre du poids, aller chez le coiffeur, changer de vétements, danser en rythme... j'ai loupé quelque chose?",2011-01-16,210,1,2011,negatif
97,97,0.085,0.813,0.102,0.7638,Grand Theft Auto : San Andreas,"Damnation, encore un GTA à critiquer. En même temps, il n'y a pas grand chose à dire. On incarne un gangster, on doit faire des missions (obligatoires ou secondaires) pour le compte de différentes personnes. Ces missions, si les situations et scénarios sont relativement variés, tournent un peu toujours autour des mêmes idées : tuer des gens, conduire des voitures, course-poursuite ... Même si le jeu se veut plus ou moins sand box, ne vous attendez pas quand même à pouvoir faire plein de choses variées, on reste autour de ses deux idées de départ (j'exagère, on peut aussi piloter des bateaux et des avions). Néanmoins, la recette fonctionne toujours bien.

Dans cet épisode, on est plus dans l'ambiance gangsta-rap. On contrôle Carl, qui revient dans son quartier natal retrouver ses frères et anciens potes, et comme d'habitude dans les GTA, va vite prendre (ou reprendre dans ce cas là) ces bonnes vieilles habitudes de mafieux. L'ambiance est cependant très con con voir second degrés, et malgré une histoire avec quelques trahisons et autre, le jeu ne se prend pas vraiment au sérieux. Peut être que ça aidera à faire passer la pilule auprès des fanatiques de la moralité et du bon goût.

Une nouvelle composante de gameplay vient se greffer dans cet opus : la gestion de la forme physique de Carl. Après toute ces années, ce bon vieux Carl est un peu rouillé, et n'est donc plus dans sa meilleure forme : muscles invisibles, embonpoint ... Il n'appartient qu'à vous de lui faire retrouver une forme optimale ... ou de le faire devenir obèse en ingurgitant de la mal bouffe. Concrètement, on passe son temps à faire de l'entrainement dans des salles de musculation et autre, sous la forme de petits jeux type Track & Field. C'est franchement pas très passionnant. Autre composante, on peut désormais fringuer notre Carl. Moi, je m'étais fait un mec super baraqué torse nu, j'étais trop cool. Car bon, dans la vraie vie, je crache sur les clips de gangsta rap, mais en fait j'ai trop envie d'être pareil. Ah oui aussi, on peut draguer de la chaudasse, et peut être même plus, à condition de débloquer le mod Hot Coffee. A vous la partie de sexe à coup de Track & Field (c'est encore moins existant que dans Fahrenheit).

Si vous avez aimé n'importe quel GTA à partir du 3, vous pouvez vous jetez dessus, c'est la même marque de fabrique que les autres. Plus de variété, les missions sont marrantes, ambiance très conne, bref, rien à jeter. Ah si, peut être le mode guerre des gangs, complètement foireux, à éviter comme la peste.",2010-12-21,348,12,2010,positif
98,98,0.051,0.882,0.067,0.3151,Grand Theft Auto : San Andreas,"Si GTA 3 était une maison faite de briques et de ciment, GTA San Andreas serait un immeuble fait de briques mais manquant de ciment... En effet, l'aire de jeu, trop vaste, est parsemée d'un nombre trop conséquent de missions trop courtes pour se justifier. Par conséquent le joueur transformé en girouette se liquéfie rapidement, ne laissant que ses dents de devant sur le bitume usé. On est loin de l'habile mise en situation d'un GTA 3.",2016-10-18,283,10,2016,positif
99,99,0.0,0.552,0.448,0.743,Grand Theft Auto : San Andreas,"La liberté d'action, un univers riche et décalé. Un jeu parfait.",2010-10-12,94,10,2010,positif
