,Id,neg,neu,pos,compound,Jeu,Commentaire,Date_commentaire,Nombre_de_fois_critique_lue,Month,Year,Avis
0,0,0.078,0.761,0.162,0.8175,Grand Theft Auto : Chinatown Wars,"""Ta coke coupée à la farine tu te la mets dans le cul !""

GTA Chinatown Wars est très certainement le seul jeu sur Nintendo DS dans lequel on s'adresse à toi en ces termes (à peu de choses près). Enfin un univers amoral sur cette console qui offre un peu trop souvent des univers cartoonesques et des actes d'une grande violence comme sauter sur des champignons. Dans ce jeu, tu dois évoluer dans la mafia Chinoise, en essayant à côté de te faire de l'argent de poche en dealant de la drogue (extasy, coke, héro, calmant, beuh, etc.) C'est très explicite et très drôle.
En plus pour les vieux de la vieille, le retour à la vue du dessus a un agréable goût de bagel de Proust.",2010-05-12,625,5,2010,positif
1,1,0.102,0.846,0.052,-0.764,Grand Theft Auto : Chinatown Wars,"Le pari était de faire rentrer dans une DS un vrai GTA, de ce point de vu je trouve que le contrat est remplis, l'ambiance, le feeling sont là, par contre la réalisation forcement moins spectaculaire fond ressortir les défauts récurant de la série : la répétitivité des missions et le manque de profondeur du gameplay. D'autant que j'ai trouvé très gênante l'étroitesse de l'écran de la DS qui ne permet d'affiché qu'un espace réduit de jeu, rendant les courses poursuites pénible, malheureusement c'est le cœur du jeu...
Résultat je suis allé au bon du scénario mais j'ai rapidement abandonné les missions secondaires et le jeu me laisse au final un sentiment mitigé.",2011-09-11,756,9,2011,negatif
2,2,0.075,0.844,0.081,0.1594,Grand Theft Auto : Chinatown Wars,"Toute l'essence d'un GTA dans une version portable. Rien que cette phrase tient du miracle. Et pourtant, pour bien des raisons que je ne saurais expliquer, j'ai ne peux pas dire que je me suis autant éclaté que sur un volet ""de salon"".

Peut-être la faute à une maniabilité délicate qui oblige à balayer les 2 écrans en même temps, manoeuvre pas toujours évidente lors de la conduite. En plus, on ne peut pas dire que le deal soit une activité des plus fun, même si elle reste lucrative. Un sous-jeu plus que superficiel et obligatoire, puisqu'à chaque fois que le manque d'argent se présente, on sait vers quel sein se vouer. Et ce n'est pas les maigres dollars que les missions rapportent qui vont éloigner le joueur des seringues.

Malgré tout, une réalisation superbement adaptée au support et l'apport du tactile, bien que jamais très surprenant, réussissent à tenir en haleine pour venir au bout la petite dizaine d'heures que propose l'aventure.

Un titre qui voit grand sur une petite console mais qui n'a tout de même pas les moyens de ses ambitions.",2010-10-04,437,10,2010,positif
3,3,0.065,0.78,0.154,0.9964,Grand Theft Auto : Chinatown Wars,"Après le grand succès qu'à été GTA 4, la franchise GTA revient sur les consoles portables avec un nouveau épisode intermédiaire à la franchise principale, avec le retour du studio Rocktar Leeds, qui après avoir réalisé les épisodes préquels de GTA 3 et Vice City, sorte cette fois ci un épisode se passant dans le même univers que GTA 4 : CHINATOWN WARS. Et ce jeu revient comme au début de la série, à savoir un jeu vue de haut, et surtout pour la première fois, sur Nintendo DS, avant d'être porté sur PSP. Et ce projet était vraiment ambitieux, avec les studios qui été vraiment engagé à produire un opus de qualité sur console portable. Malheureusement, malgré son succès critique, ce CHINATOWN WARS est un des plus gros échecs de la franchise d'un point de vue commerciale.
Sinon, malgré son aspect retour aux sources, ce GTA est pour moi le meilleur GTA intermédiaire, et qui sans être à la hauteur de la franchise principale, mérite malgré tout d'être reconnue comme un excellent GTA.
On a le droit à un très bon scénario digne de GTA, où on incarne Huang, un chinois revenu à Liberty City après la mort de son père pour donner à son oncle une épée importante pour que ce dernier succède à Hsin Jaoming, le chef de la triade. Mais ca ne commence pas bien pour le héros (comme pour la majorité des scénario de la franchise), car Huang se fait attaquer et noyé dans le fleuve, perdant l'épée. Huang doit retrouver l'épée pour son oncle et surtout retrouver et tuer les responsables de son agression et de la mort de son père, et surtout rentrer dans le monde de la triade et aider cette dernière à s'affirmer contre les rivaux, et aussi en débusquant une taupe.
On a le droit à un très bon scénario digne de GTA, avec en plus une bonne histoire de famille avec cette intrigue de succession dans la triade, et le personnage de Huang qui doit prouver qu'il est digne de sa famille.
Les personnages sont très bons, avec en tête le héros Huang qui est bon sans être parmi les meilleurs protagonistes de la franchise, avec surtout un second degré assez prononcé dans les dialogues. Puis on a Kenny, l'oncle d'Huang qui compte sur lui pour retrouver les responsables

mais on apprend à la fin que c'est Kenny le véritable traite

Après on a Hsin, le chef de la triade qui a des doutes concernant Huang, sans oublier aussi Wade Heston, le flic ripoux qui va aider Huang. Et le reste des personnages sont digne des GTA, avec un coté salopard comme Chan et Zhou.
Donc un très bon scénario digne de la franchise.
On a le droit à un paquets de missions vraiment funs et diversifiés dans les objectifs (avec notamment la mission où on se déguise en dragon lors d'une fête à Chinatown pour ne pas se faire choper par les flics suite à un braquage), avec en plus certaines missions qui peuvent donner du fil à retordre. Et les moments d'actions sont très funs avec les courses poursuites, les combats aux corps à corps et les nombreuses fusillades.
Après le gameplay est très bon avec tout l'aspect GTA, même avec le coté vue de haut. Et la grosse nouveauté au niveau du gameplay, c'est bien sur les mini jeux pour le coté tactile de la DS (bien que bien retranscrit pour la PSP) pour faire des actions du genre poser une bombe, démarrer une voiture...
Les graphismes sont vraiment très bons, avec une excellente vue de haut avec une bonne champ de vision, avec un petit coté 3D avec les décors. Et la Map de GTA 4 (à l'exception d'Alderney) est très bien retranscrite.
Et la durée de vie est digne d'un grand GTA, avec une aventure principale assez longue, avec en plus des quêtes secondaires pour le 100 %, comme les inconnus et détraqués, les petits missions comme les tatouages et les véhicules de services, les caméras à détruire dans la ville... Et l'un des originalité de cette opus, c'est la possibilité de faire des trafics de drogues pour acheter des produits illicites (nécessaires pour débloquer certaines missions), et aussi pour se faire de l'argent en vendant, et ce en trouvant les différents dealer dans toute la ville.
Et la bande son est très bonne, avec en plus la reprise des bruitages des épisodes Story sur PSP quand on reçoit une notification ou quand on ramasse des armes.
Un excellent GTA intermédiaire, mais qui a malheureusement pas trouvé son public.",2022-03-19,27,3,2022,positif
4,4,0.054,0.799,0.147,0.9367,Grand Theft Auto : Chinatown Wars,"J'ai attendu ce jeu pendant longtemps, à l'époque. Je l'ai obtenu juste avant d'entrer dans un lycée que je ne connaissais pas, remplit de gens que je ne connaissais pas, dans un endroit que je ne connaissais pas et surtout, dans un internat horriblement... Naze.
Je me suis donc réfugié dans ce jeu pour éviter à tout prix de sympathiser avec une bande de mecs en rute et fan de concours de pets.

Bref, mon jugement est peut-être altéré par tout ceci, mais j'ai beaucoup aimé y jouer. Le jeu est complet, une carte plutôt grande, des missions et une histoire qui tient debout.
De plus, ce jeu m'a rappelé GTA 2 (mon tout premier jeu-vidéo), au niveau de son point de vue. Certains n'aiment pas du tout, moi, j'adore la vue de haut.",2012-09-19,369,9,2012,positif
5,5,0.03,0.839,0.131,0.9246,Grand Theft Auto : Chinatown Wars,"Le jeu est sorti sur DS, PSP et iPhone, c'est important à souligner car les versions ne sont pas totalement identiques.

La version DS a pour elle le jeu au stylet et les deux écrans. Les versions iPhone et PSP bénéficient d'un sérieux lifting graphique. Sur iPhone, on conserve les mini-jeux tactiles, sur PSP, on a encore plus d'effets et un grand écran.

Chinatown Wars réussi l'exploit de proposer un vrai GTA en version portable. On retrouve tout : les cinématiques avec de supers dialogues, le scénario loufoque, la vaste ville ouverte, les missions annexes, la conduite de voiture, moto, bateau. Ajoutons également le boulot de dealer en fil rouge tout au long de l'aventure (la principale source de thunes du jeu).

Sur iPhone, la maniabilité est un peu difficile la première heure, mais il ne faut pas s'arrêter à ça. Avec un peu de pratique, on prend la main et on slalom sans problème à contre-sens.",2010-11-09,344,11,2010,positif
6,6,0.037,0.665,0.297,0.883,Grand Theft Auto : Chinatown Wars,"Une sacrée réussite pour la protégée de Nintendo. Rien à redire sur la réalisation, scénario, gameplay...
Peut-être la ville de Liberty-City un poil trop petite :] ?",2010-09-22,329,9,2010,positif
7,7,0.08,0.784,0.137,0.8661,Grand Theft Auto : Chinatown Wars,"Assez ambitieux de porter un GTA sur la DS. Pourtant le pari est très réussi. Une bonne partie de liberty city tient sur la petite console portable. Et c'est assez impressionnant de voir cet environnement fourmillant et détaillé sur la DS.

Le scénario, sans être exceptionnel, est sympa, les retournements de situations et quelques suspens suffisent à tenir en haleine tout le long du jeu. Les missions principales sont assez diversifiées (poursuites, fusillades, trafiquer une voiture/une base, filature). Jamais je ne me suis ennuyé ou est trouvé une mission vraiment chiante. On note en plus de nombreuses missions secondaires, dont surtout les courses (certaines pas si simple pour avoir l'or) et les carnages (super fun).

J'ai trouvé bon nombre de répliques assez hilarantes, notamment les phrases que sortent les dealers.

Quelques bémols: la police un peu chiante qui te poursuit dès que tu piques une bagnole ou que tu les érafles. Heureusement une petite queue de poisson bien placé suffit à les foutres dans le décors, ce qui permet de réduire les étoiles de recherche !!

Au final, en une trentaine d'heures de jeux, je me suis bien éclaté (souvent plus que sur gta4 par exemple).",2019-03-01,367,3,2019,positif
8,8,0.0,0.852,0.148,0.8304,Grand Theft Auto : Chinatown Wars,"ma quante ore ho passato su questo gioco, almeno un mese no stop, sinceramente è un gioco ben riuscito, sopratutto per il nintendo DS, perché i giochi di questo genere non vengono tanto bene. Haha da non scordare i tasti da cliccare allo stesso tempo per avere le cheat :’)",2019-02-11,128,2,2019,positif
9,9,0.16,0.736,0.104,-0.7964,Grand Theft Auto : Chinatown Wars,"Très bon jeu pour un premier GTA sur DS. Dommage qu'on ne peut pas conduire un hélicoptère et il manque la troisième carte. La durée de vie est un peu court selon moi (pas assez de missions) et les graphismes sont parfait. Il y a trop de policier (surtout la rue du premier planque). Ils manquent quelques armes (le Poing Américain, Bombe avec Détonateur, le Lance Roquette à Tête Chercheuse, la Bombe Lacrymogène,...). Bref sinon, c'est un très bon jeu !",2016-07-19,345,7,2016,negatif
10,10,0.027,0.827,0.145,0.9752,Grand Theft Auto : Chinatown Wars,"En sortant un épisode sur la nintendo DS en 2009, Rockstar a réussi un tour de maître tant les capacités de la petite portable ne sont pas démentielles.

Dès que je jeu est lancé, nous sommes de suite dans le bain. Nous sommes kidnappés par la mafia locale et jetés dans un fleuve. L'esprit GTA est donc bien présent du début à la fin.
Nous incarnons Huang Lee, venu récupérer une épée légendaire (pas Excalibur) suite à la mort de son père.
S'en suit alors une aventure riche en couleurs et en exotisme. Tous les protagonistes sont fous à lier ou bien toxicomanes et notre personnage semble bien être le seul sain d'esprit.
Sain d'esprit certes mais grand malfrat dans l'âme. En effet, Huang pourra gagner (Beaucoup) en vendant de la drogue à de nombreux dealers de partout en ville.
Parlons de la ville. Il s'agit de Liberty City et nous reconnaissons bien la ville et ses détails, que nous avons pu voir dans GTA IV et Episodes from Liberty City (Aussi dans le III mais Liberty City a bien changée depuis.)
Parlons du gameplay. Le jeu se présente comme un TopDown a.k.a. jeu en vue de dessus. Les graphismes sont d'ailleurs d'excellente qualitée pour la DS (Et ils sont encore meilleurs sur PSP/Mobiles)

Nous avons donc en face de nous un chef-d'œuvre de R*. (Ma note peut par contre être marquée par une touche de subjectivité tant le jeu m'a marqué...)",2015-11-22,224,11,2015,positif
11,11,0.076,0.798,0.125,0.9936,Grand Theft Auto : Chinatown Wars,"Un Grand Theft Auto sur une console portable est souvent mal vu. Parfois mauvais (comme les portages sur Game Boy Color) voire sympathiques mais sans plus, jamais excellents. Pourtant, cet opus Chinatown Wars, toujours signé Rockstar, renversa en son temps la vapeur. On ne tenait plus entre les mains un spin-off opportuniste mais un jeu ambitieux et réussi.

I) Un scénario riche

Petit tour chez les Chinois

Le scénario de ce nouveau GTA est intéressant sur plusieurs points. Tout d'abord, son aspect communautaire. Cet opus se focalise sur la mafia chinoise, chose assez rare dans le domaine des jeux vidéo de gangsters. En général, on croise plus des italo-américains ou des afro-américains. Le personnage que l'on incarne, Lee, endossera une fois de plus le rôle du traditionnel porte-flingue comme la série sait si bien en créer. Mais attention, un porte-flingue grinçant. Bien que malléable, il sait rester critique. Notre homme s'exécute mais aime jacter.

A plusieurs reprises, Lee use de sarcasmes pour dépeindre sa communauté d'origine. Il se moque royalement de l'épée ancestrale que recherchent ses pères, il l'a réduit même à une simple babiole allant ainsi à l'encontre de toute la mythologie qui gravite autour de la mafia chinoise. Les clichés du genre sont malmenés avec Lee. D'une part il réduit à néant les symboles, d'autre part au cours d'une conversation qu'il a avec un de ses employeurs il lui rétorque, ce dernier s'enflammant sur le mythe d'une mafia respectueuse de la civilisation dont elle est issue, que leur communauté n'est bonne qu'à vendre de la drogue, des armes et à gérer des putes. Le folklore n'est qu'un vernis, un vernis hypocrite qui ne cherche qu'à recouvrir des hommes vénaux, loin de leurs traditions, de leur identité « originelle ». Lee n'est pas dupe, il fait le sale boulot mais ne tombe pas dans le panneau. Ces êtres sont des décadents et il le sait.

Péripéties multiples

GTA Chinatown Wars arrive également à nous surprendre dans ses péripéties, son histoire n'a rien du petit train-train. Les gens de chez Rockstar imposent aux joueurs des tours de force dès les premières minutes de jeu. La jeune femme asiatique, placardée dans le métro lors de la sortie du jeu, ne fait pas long feu dans cette aventure rocambolesque. Alors qu'on suppose une probable relation entre elle et Lee, la donzelle se fait descendre dès la première mission...un coup de force magistral.

Je ne vais pas m'attarder sur les traditionnelles traîtrises des différents mafieux pour lesquels Lee devra travailler au cours du jeu. Des retournements plus classiques mais bien mis en scène qui nous poussent à aller de l'avant. A savoir comment finira cette collaboration avec ce flic (un peu véreux) qui nous demande de l'aider, jusqu'où ira cette dégradation des rapports entre les deux jeunes chiens fous issus de la même famille mafieuse. Des interrogations habillements traités par les gens de chez Rockstar qui nous montrent, une fois de plus, toute leur maîtrise du sujet.

II) Un peu d'humour dans ce monde de brutes

Rions un peu

GTA IV se voulait un opus plus réaliste que les précédents et donc, forcément, plus sérieux. Niko Bellic n'était pas un grand marrant et même si quelques saillies grinçantes faisaient leur apparition elles étaient bien rares et n'émanaient pas forcément du personnage principal. Le tout offrait un rendu plutôt sobre. Ce Chinatown Wars réintègre avec brio l'humour si singulier de la série. Blagues potaches et humour scabreux sont clairement de la partie.

On prend ainsi un malin plaisir à guetter les cinématiques dans l'espoir de voir une réplique cinglante. Petit exemple du raffinement proposé, à un moment Lee parlant à l'un de ses patrons l'accuse d'avoir une « petite bite » tout en lui assurant qu'aujourd'hui « y a des opérations pour ça ». Vulgaire et assumé.

Parfois l'humour se fait incorrect et lance quelques volées de plomb aux différentes communautés présentes dans le jeu. Les relations entre les mafias se ponctuent bien souvent par quelques mots d'oiseaux. Des « faces de citron » aux « bouffeurs de pattes », personne n'est épargné. Du Céline sur DS...presque.

III) Diversité et nouveautés

Des nouveautés qui font du bien

Faire un GTA sur DS fut une vraie aubaine pour Rockstar, l'occasion d'enrichir un peu le gameplay-cadre de la série. Le stylet et l'écran tactile permirent de créer des interludes accrocheurs et bien pensés. Crocheter une serrure, bidouiller les câbles d'une voiture, monter un fusil à lunette...autant d'opérations pourtant bénignes.

Le joueur profite ainsi de l'immersion que permet la portable de Nintendo en faisant ce lent travail de besogneux du crime. Ces petites opérations qui ne paient pas de mine mais nous projettent aisément dans les galères de Lee. Le stress de pirater rapidement une voiture, la répétition d'actions quasi rituelles, le possible échec forment un tout cohérent, ventilant un peu les mécaniques de la saga.

Diversifier le tout

Chinatown Wars sur DS propose une certaine diversité pour ce qui est des phases de jeu. Missions de sniper, destructions du haut d'un hélicoptère, course-poursuites à pieds, en voitures, fusillades, filatures, achats et ventes de drogues, conduite d'un dragon rouge lors du nouvel an chinois ...on enchaîne les missions, certes, mais toujours avec plaisir.

Bien évidemment, une certaine redondance s'installe, c'est le genre qui veut ça. Mais malgré tout, on ne ressent jamais cette douloureuse sensation de refaire des dizaines voire des centaines de fois la même chose. Chinatown Wars a réussi à varier les phases de jeu en se basant sur des classiques de la série tout en y implémentant quelques petites innovations.

IV) Une vision négative

Pessimisme et chute des anges

On est habitué au pessimisme de Rockstar, à leur vision tout en noirceur. Cet opus ne déroge pas à la règle. Tous les personnages que l'on côtoie sont minables. Les mafieux (chinois ou non) ont tous des tares : obsédés sexuels, vieux libidineux, jeunes insolents avides de pouvoir...aucun ne réussit à racheter son voisin par sa conduite. Aucun n'a même cette prétendue éthique du voyou.

Même le policier que l'on fréquentera, bien que cherchant à faire tomber des mafieux (action louable), est au coeur d'une affaire de drogue et d'argent sale. On a vraiment l'impression que la ville est pourrie et qu'elle pourrie les âmes de chacun. Une cité de la bassesse où il est plus simple de devenir une canaille qu'un bon gars. Une Rome décadente...de nos jours.

Commentaire :

Chinatown Wars fut une bouffée d'air frais pour la série. Innovations, jeu bien pensé et surtout bien géré, le titre de Rockstar ne souffre que de défauts mineurs. Le plus fou, c'est que les aventures de Lee ont vu le jour, en premier, sur la console la plus faible, technologiquement parlant, de cette génération. Comme quoi, la taille ça ne fait pas tout.",2015-12-31,769,12,2015,positif
12,12,0.108,0.826,0.066,-0.9488,Grand Theft Auto : Chinatown Wars,"Les gars de Rockstar Leeds ont su varier les phases de gameplay de leurs missions à un tel point que le joueur ne s'ennuie jamais pendant une mission. Il n'y a pas deux missions de scenario qui ont un gameplay identique.

L'espace de jeu est très grand, il y plein de truc à faire. D'ailleurs la conduite en voiture, camion ou moto est super intuitive, c'est vraiment le pied de conduire à fond les gamelles. Par contre la gestion des collisions est un peu bizare (avec une petite voiture si l'on rentre dans un camion à fond, on peut le faire littéralement voler) mais bon cela ne fait que renforcer l'ego du joueur.

Les policiers sont par contre un peu vénère avec leurs voitures, il suffit de leur effleurer pour se taper un indice de recherche. Ces derniers sont d'ailleurs bien distribués et il est de plus en plus difficile d'échapper aux forces de l'ordre quand notre indice de recherche est élevé.

Les armes disponibles sont également bien variées niveau gameplay, certaines sont super jouissives à manier. Un petit point noir toutefois lorsque l'on récupère une arme plus puissante que celle que l'on en main, l'armé récupéré s'équipe automatiquement, c'est un peu chiant quand on veut se faire un massacre à l'épée.

Il y a énormément de truc à faire à côtés des missions de la campagne principale. Les caméras de surveillance à détruire, les petites missions de massacre en temps limité, les missions de conduite, acheter toutes les planques. Pour se faire de l'argent également : Voler un camion de pompier et aller éteindre les feux, voler un taxi et conduire des gens, tatouer des gens, trafics de drogues (qui est d'ailleurs plutôt bien pensé).

Un vrai bac à sable très bien fourni et pensé pour la DS que nous sert Rockstar ici !!!!",2012-08-12,407,8,2012,negatif
13,13,0.03,0.896,0.074,0.5411,Grand Theft Auto : Chinatown Wars,"Un excellent jeu pour la DS. Le seul soucis c'est qu'on est en vue aérienne comme dans le 1, et donc c'est assez galère de conduire dès qu'on va un peu vite en voiture vu qu'on ne voit pas très loin devant.",2011-11-27,275,11,2011,positif
14,14,0.068,0.717,0.215,0.6125,Grand Theft Auto : Chinatown Wars,"Pour un jeu iPhone, donc pas cher (8€) à l'époque, il a une bonne jouabilité et une très bonne durée de vie. Un must sur mobile.",2011-02-15,121,2,2011,positif
15,15,0.221,0.663,0.116,-0.3111,Grand Theft Auto : Chinatown Wars,Les graphisme sont nul !!!! c'est mieu sur psp,2010-12-21,339,12,2010,negatif
16,16,0.038,0.87,0.092,0.851,Grand Theft Auto : Chinatown Wars,"Le ""bonheur"" d'un GTA dans sa poche... la classe quand même, et surtout hautement improbable !

Premièrement désarçonné par la maniabilité sur iPhone, on prend vite ses marques avec le gameplay et on se retrouve rapidement (comme dans tout GTA) à faire tout sauf suivre l'histoire...

Et c'est d'ailleurs là que c'est encore plus fort, adapter le gameplay d'un GTA à un support portable ! Rien de plus facile que de jouer 5mn (la pause WC) pour faire quelques deales de drogue lucratifs ou une petite course illégale.

Les missions ne sont jamais bien longues et la carte fourmille d'activité aussi diverses que variées. De plus, il a été ajouté par rapport au opus sortis sur consoles de salon, une quantité de ""mini jeux"" correspondants parfaitement à la jouabilité proposée par la DS ou l'iPhone (préparer des cocktails molotov, démarrer les voitures, fouiller les poubelles...)

Une fameuse petite perle que ce jeu qui gagne le pari de porter un système de jeu ""de salon"" sur un support nomade en en exploitant toutes les caractéristiques...",2010-11-09,335,11,2010,positif
17,17,0.13,0.761,0.109,-0.3907,Grand Theft Auto : Chinatown Wars,"Reprendre la façon de jouer des débuts de la série était une excellente idée. Comme les vieux n'ont pas vieillis, le plaisir est là !
Néanmoins, je n'ai pas aimé le scénario qui ne me tentait pas...
Donc j'ai pris mon pied dans la jouabilité bien fun mais certaines missions sont nazes et j'ai fini par zapper l'histoire tant j'en avais marre....",2011-01-10,243,1,2011,negatif
18,18,0.053,0.745,0.202,0.8264,Grand Theft Auto : Chinatown Wars,"Techniquement c'est du lourd, répétitivité mis à part.
Artistiquement ça l'est moins, faute au support et à une trame trop clichée (faudrait pas faire autre chose que du GTA hein).

Néanmoins, on s'amuse sur cet opus qui fleure bon les premiers épisodes de la série.",2010-11-17,242,11,2010,positif
19,19,0.072,0.821,0.107,0.9831,Grand Theft Auto : Chinatown Wars,"Je n'ai jamais aimé GTA. Enfin, je n'ai jamais aimé les joueurs de GTA et l'image qu'ils donnaient de la série plutôt : les joueurs qui passent leur temps à ""flâner"" dans la ville à la recherche de malheureuses victimes, ceux qui font des codes de triche à longueur de jeu afin d'obtenir chars et joyeusetés du genre... Pour vous dire, sans l'existence d'Internet, je n'aurais jamais pu douter de l'existence d'un scénario dans un GTA. Et puis, j'avais peur que l'univers ne me plaise pas, que l'ambiance ne passe pas. Alors je ne me suis jamais vraiment intéréssé à la séri ... jusqu'au jour où j'ai vu Chinatown Wars disponible sur l'App Store. Pour 7,99€, je me suis lancé dans une aventure que je ne suis pas prêt d'oublier.

La première fois que l'on démarre le jeu, on nous propose de choisir parmi deux fichiers de sauvegarde, chose assez rare être souligné sur une application iPhone/iPod Touch. On voit que Rockstar n'a pas réalisé ce portage à la légère, essayant d'inclure le plus de choses possibles par rapport aux versions consoles. Le mode multijoueur a malheureusement disparu ainsi que quelques missions mais pour un prix divisé par cinq, on ne peut pas vraiment se plaindre.

Après avoir choisi sa partie, le jeu démarre enfin. On y incarne un certain Huang Lee, d'origine et qui s'est vu confier la livraison d'une épée légendaire à son oncle Kenny, mafieux renommé. Le problème, c'est que cet oncle vit à Liberty City et autant dire que l'accueil à l'aéroport n'est pas des plus chaleureux. Notre ""héros"" se prend une balle dans la tête et se fait voler l'épée. Croyant l'avoir tué, les hommes en noir décident de le mettre dans une voiture et de le balancer à la mer. C'est là que commence réellement le jeu.

La voiture sous l'eau, on nous demande de casser la vitre pour pouvoir s'échapper, via l'écran tactile bien évidemment. Après cette formalité, les ""boutons"" apparaissent pour la première fois. Comme dans la plupart des jeux sur les machines d'Apple, on dirige le personnage à l'aide d'un joystick virtuel, chose qui habituellement n'est pas aisée. Ici, curieusement, ça marche relativement bien. On rejoint donc la berge à la nage pour s'essayer aux autres touches disponibles. La première sert à faire une roulade, les deux autres permettent de tirer ou de frapper selon l'arme choisie et de donner un coup de pied. On nous demande alors de trouver une voiture alors qu'il y en a une juste devant nous. En s'approchant de cette dernière, une case supplémentaire apparaît sur le bas de l'écran afin de monter dedans.

Là encore, l'écran tactile va être mis à contribution pour démarrer la voiture... avec un tournevis. Le vol, y'a que ça de vrai ! Le joystick est alors remplacé par deux flèches pour tourner et les autres boutons permettent d'accélérer, freiner/reculer et tirer si l'on possède une arme à feu. Chose agréable, il est possible via les options de configurer les touches pour que la conduite s'effectue également via un joystick, la conduite à deux touches ne plaisant pas à tout le monde. La maniabilité est donc très agréable contrairement à ce que l'on pouvait penser, à condition de ne pas avoir de trop gros doigts car les touches sont quand même relativement petites pour ne pas gâcher l'action.

L'interface est très bien pensée, tout se passant par le biais du PDA, faisant office d'un peu tout à la manière de l'iPhone. On y retrouve notamment un GPS permettant de trouver des endroits spécifiques et de calculer un itinéraire jusqu'à un point défini.

Côté graphique, le jeu égale la réalisation PSP. On retrouve les décors et voitures en trois dimensions et les personnages en deux dimensions, tout ça vu de dessus. A côté de Gangstar West Coast Hustle, c'est sûr que le jeu fait pâle figure sur ce point mais il y gagne en fluidité. Les explosions et carambolages sont très bien gérés et en mettent pleins les mirettes. Le seul moment où l'on remarque vraiment que les personnages ne sont que des amas de pixels difformes, c'est lors des morts et arrêts par la police, où la caméra zoome sur le héros. L'esthétique en cell-shading, que ce soit pour les scènes en images fixes ou pour le jeu lui-même, est très réussie et colle parfaitement à l'ambiance de ce GTA.

Comme dans tous les autres GTA, le but ici est de remplir diverses missions. Plusieurs personnes pourront vous en donner, que ce soit l'oncle Kenny, un gangster du coin voire des personnes dans la rue. Il arrive même de recevoir des demandes par mail sur le PDA. Ces missions peuvent aller d'une recherche de nouveaux membres pour un gang à un vol puis un sabotage d'une voiture en passant par la fabrication de cocktail Molotov pour détruire voitures et magasins. Les missions sont très diversifiées et chacune réserve son petit lot de surprise, un très bon point qui empêche la monotonie. Les dialogues qui ponctuent chaque nouvelle mission sont corsés, abordant des thèmes communs à GTA comme la violence, la drogue ou le sexe mais vraiment très humoristiques, parodiant l'univers de la mafia et des gangs avec brio.

Et si vous ne voulez pas faire les missions, vous avez toujours la possibilité de faire un petit tour en ville pour faire le taxi, l'ambulance afin de gagner de l'argent. Mais le meilleur moyen de gagner beaucoup d'argent est de faire du trafic de drogue. Six drogues sont disponibles : blanche, coke, taz, LSD, beuh et calmants. Après, c'est la loi de l'offre et de la demande. Il faut acheter à ceux ayant des petits prix et revendre aux gens en manque.

Là encore, le PDA est très utile, il permet de voir les différentes zones où les drogues sont recherchées pour les vendre à prix d'or. Mais il faut faire attention à ne pas se faire prendre par les flics lors de ces petits trafics, car toute la drogue dans vos poches sera confisquée. C'est pour ça que quand on ne s'en sert pas, un coffre est disponible pour ranger tout ça.

Et au pire, il faudra se débrouiller pour échapper aux voitures vous poursuivant. Comme dans tout GTA, il est possible de repeindre sa voiture pour passer inaperçu mais une nouveauté a été apportée. En effet, si vous parvenez à détruire le nombre de voitures policières à l'écran (en les faisant rentrer dans des poteaux par exemple), l'indice de recherche baissera d'un niveau. Par exemple, si vous êtes au niveau 4, il faudra détruire quatre voitures pour passer au niveau 3 et donc pour être totalement tranquille 4+3+2+1=10 voitures. Impossible de s'ennuyer donc, le jeu autorisant même quelques quêtes annexes comme acheter d'autres appartements.
La durée de vie déjà intéressante avec les missions, est quasiment infinie avec tout cela. Autant dire que pour ce prix, vous en aurez pour votre argent.

Pour la bande son, là encore, c'est quasiment tout bon. On retrouve avec plaisir les différentes radios inhérentes aux GTA. Et si la musique ne vous plaît pas, il vous est possible de créer une liste ""GTA"" à partir d'iTunes où vous pouvez mettre les musiques que vous voulez écouter dans le jeu. Il suffit ensuite de mettre la radio ""Independence FM"" dans le jeu pour écouter les musiques de cette liste.

Quel plaisir de faire pleuvoir les cadavres sous les ""Raaaaiiiin"" de MIKA ! Les bruitages dans la rue sont impressionnants de réalisme mais on peut tout de même reprocher que les dialogues ne soient pas doublés ce qui laisse un petit sentiment d'inachevé.

Récapitulatif :

Scénario : Le milieu mafieux est bien sûr à l'honneur mais cette fois, c'est plus particulièrement la pègre chinoise. Le scénario du jeune voulant venger son père mort est archi-classique mais la narration est soignée.

Maniabilité : Elle n'égale tout de même pas la version DS avec les boutons et l'écran tactile mais pour de l'iPhone/iPod Touch, c'est excellent.

Graphismes : Très beaux, ce n'est pas de la 3D à proprement parler mais ça colle parfaitement à l'univers du jeu.

Bande son : Les musiques sont nombreuses et la possibilité d'écouter ses propres musiques est vraiment bien pensée. Les bruitages ajoutent aussi à l'immersion mais l'absence de doublage est préjudiciable.

Durée de vie : Excellente, il y a toujours quelque chose à faire et ces choses sont variées.

Comme Professeur Layton à son époque, j'aurais juré que GTA ne me plairait pas. Et pourtant, on prend un plaisir coupable à jouer au gangster et au meurtrier. Moi qui critiquais les gens qui le faisaient, j'ai pris du plaisir à tuer sans retenue les gens en ville. Chinatown Wars est bien réalisé, agréable à jouer, bien pensé ... et cinq fois moins cher sur iPhone/iPod Touch que sur DS et PSP pour quasiment le même produit. Difficile de trouver des défauts à ce GTA si ce n'est la suppression du mode multijoueur, les doublages absents lors des dialogues ou son univers et ses dialogues grinçants qui font que le jeu n'est pas à mettre entre toutes les mains. Mais toutes ces choses ne sont au final qu'anecdotiques, tant ce GTA est un chef d'œuvre vidéoludique.",2010-11-15,513,11,2010,positif
